fullVisitorId,date,v2ProductName,pageTitle
5710379250208908569,20170731,Google Snapback Hat Black,Google RFID Journal
5710379250208908569,20170731,Google Women's Lightweight Microfleece Jacket,Google Snapback Hat Black
5710379250208908569,20170801,Android Sticker Sheet Ultra Removable,Office | Google Merchandise Store
5710379250208908569,20170801,Switch Tone Color Crayon Pen,Fun | Accessories | Google Merchandise Store
5710379250208908569,20170801,1 oz Hand Sanitizer,Office | Google Merchandise Store
5710379250208908569,20170801,Windup Android,Accessories | Google Merchandise Store
5710379250208908569,20170801,Compact Selfie Stick,Accessories | Google Merchandise Store
5710379250208908569,20170801,Google Sunglasses,Fun | Accessories | Google Merchandise Store
5710379250208908569,20170801,Android Hard Cover Journal,Office | Google Merchandise Store
5710379250208908569,20170801,Suitcase Organizer Cubes,Office | Google Merchandise Store
5710379250208908569,20170801,Waze Dress Socks,Apparel | Google Merchandise Store
5710379250208908569,20170801,Google Flashlight,Accessories | Google Merchandise Store
5710379250208908569,20170801,Plastic Sliding Flashlight,Accessories | Google Merchandise Store
5710379250208908569,20170801,Android Hard Cover Journal,Shop by Brand | Google Merchandise Store
5710379250208908569,20170801,Google 5-Panel Snapback Cap,Apparel | Google Merchandise Store
5710379250208908569,20170801,Google Blackout Cap,Apparel | Google Merchandise Store
5710379250208908569,20170801,Google Flashlight,Electronics | Google Merchandise Store
5710379250208908569,20170801,Google Stylus Pen w/ LED Light,Writing Instruments | Office | Google Merchandise Store
5710379250208908569,20170801,Recycled Mouse Pad,Accessories | Google Merchandise Store
5710379250208908569,20170801,Metal Texture Roller Pen,Writing Instruments | Office | Google Merchandise Store
5710379250208908569,20170801,Ballpoint Stylus Pen,Writing Instruments | Office | Google Merchandise Store
5710379250208908569,20170801,8 pc Android Sticker Sheet,Office | Google Merchandise Store
5710379250208908569,20170801,Android Luggage Tag,Shop by Brand | Google Merchandise Store
5710379250208908569,20170801,Rubber Grip Ballpoint Pen 4 Pack,Writing Instruments | Office | Google Merchandise Store
5710379250208908569,20170801,Seat Pack Organizer,Office | Google Merchandise Store
5710379250208908569,20170801,Switch Tone Color Crayon Pen,Office | Google Merchandise Store
5710379250208908569,20170801,YouTube Custom Decals,Office | Google Merchandise Store
5710379250208908569,20170801,YouTube Custom Decals,Office | Google Merchandise Store
5710379250208908569,20170801,Google Snapback Hat Black,Apparel | Google Merchandise Store
5710379250208908569,20170801,Google 5-Panel Cap,Apparel | Google Merchandise Store
5710379250208908569,20170801,Electronics Accessory Pouch,Electronics | Google Merchandise Store
5710379250208908569,20170801,Google 2200mAh Micro Charger,Electronics | Google Merchandise Store
5710379250208908569,20170801,Android Hard Cover Journal,Shop by Brand | Google Merchandise Store
5710379250208908569,20170801,Android Lunch Kit,Shop by Brand | Google Merchandise Store
5710379250208908569,20170801,Android Rise 14 oz Mug,Shop by Brand | Google Merchandise Store
5710379250208908569,20170801,Windup Android,Shop by Brand | Google Merchandise Store
5710379250208908569,20170801,Recycled Mouse Pad,Other | Office | Google Merchandise Store
5710379250208908569,20170801,Google Doodle Decal,Office | Google Merchandise Store
5710379250208908569,20170801,1 oz Hand Sanitizer,Fun | Accessories | Google Merchandise Store
5710379250208908569,20170801,Suitcase Organizer Cubes,Fun | Accessories | Google Merchandise Store
5710379250208908569,20170801,Android RFID Journal,Office | Google Merchandise Store
5710379250208908569,20170801,YouTube Twill Cap,Apparel | Google Merchandise Store
5710379250208908569,20170801,Galaxy Screen Cleaning Cloth,Accessories | Google Merchandise Store
5710379250208908569,20170801,22 oz Android Bottle,Shop by Brand | Google Merchandise Store
5710379250208908569,20170801,22 oz Android Bottle,Shop by Brand | Google Merchandise Store
5710379250208908569,20170801,Google Device Stand,Electronics | Google Merchandise Store
5710379250208908569,20170801,Android 17oz Stainless Steel Sport Bottle,Shop by Brand | Google Merchandise Store
5710379250208908569,20170801,Android RFID Journal,Shop by Brand | Google Merchandise Store
5710379250208908569,20170801,Google Luggage Tag,Fun | Accessories | Google Merchandise Store
5710379250208908569,20170801,Google Doodle Decal,Office | Google Merchandise Store
5710379250208908569,20170801,Google 4400mAh Power Bank,Electronics | Google Merchandise Store
5710379250208908569,20170801,Galaxy Screen Cleaning Cloth,Other | Office | Google Merchandise Store
5710379250208908569,20170801,SPF-15 Slim & Slender Lip Balm,Fun | Accessories | Google Merchandise Store
5710379250208908569,20170801,Google Device Holder Sticky Pad,Electronics | Google Merchandise Store
5710379250208908569,20170801,Google Men's 100% Cotton Short Sleeve Hero Tee White,Shop by Brand | Google Merchandise Store
5710379250208908569,20170801,Android Lunch Kit,Shop by Brand | Google Merchandise Store
5710379250208908569,20170801,Android 17oz Stainless Steel Sport Bottle,Shop by Brand | Google Merchandise Store
5710379250208908569,20170801,Badge Holder,Other | Office | Google Merchandise Store
5710379250208908569,20170801,Android Luggage Tag,Fun | Accessories | Google Merchandise Store
5710379250208908569,20170801,Four Color Retractable Pen,Writing Instruments | Office | Google Merchandise Store
5710379250208908569,20170801,Android RFID Journal,Office | Google Merchandise Store
5710379250208908569,20170801,Google Laptop and Cell Phone Stickers,Office | Google Merchandise Store
5710379250208908569,20170801,8 pc Android Sticker Sheet,Accessories | Google Merchandise Store
5710379250208908569,20170801,Android Wool Heather Cap Heather/Black,Shop by Brand | Google Merchandise Store
5710379250208908569,20170801,Windup Android,Fun | Accessories | Google Merchandise Store
5710379250208908569,20170801,Google Men's 100% Cotton Short Sleeve Hero Tee White,Apparel | Google Merchandise Store
5710379250208908569,20170801,Google Bib White,Apparel | Google Merchandise Store
5710379250208908569,20170801,Android Lunch Kit,Accessories | Google Merchandise Store
5710379250208908569,20170801,Google Device Stand,Accessories | Google Merchandise Store
5710379250208908569,20170801,Rocket Flashlight,Accessories | Google Merchandise Store
5710379250208908569,20170801,Keyboard DOT Sticker,Electronics | Google Merchandise Store
5710379250208908569,20170801,Android Sticker Sheet Ultra Removable,Shop by Brand | Google Merchandise Store
5710379250208908569,20170801,Seat Pack Organizer,Fun | Accessories | Google Merchandise Store
5710379250208908569,20170801,Switch Tone Color Crayon Pen,Writing Instruments | Office | Google Merchandise Store
5710379250208908569,20170801,Android Hard Cover Journal,Office | Google Merchandise Store
5710379250208908569,20170801,1 oz Hand Sanitizer,Office | Google Merchandise Store
5710379250208908569,20170801,Keyboard DOT Sticker,Office | Google Merchandise Store
5710379250208908569,20170801,Google Bib Red,Apparel | Google Merchandise Store
5710379250208908569,20170801,Basecamp Explorer Powerbank Flashlight,Accessories | Google Merchandise Store
5710379250208908569,20170801,Plastic Sliding Flashlight,Electronics | Google Merchandise Store
5710379250208908569,20170801,Android RFID Journal,Shop by Brand | Google Merchandise Store
5710379250208908569,20170801,Satin Black Ballpoint Pen,Writing Instruments | Office | Google Merchandise Store
5710379250208908569,20170801,8 pc Android Sticker Sheet,Office | Google Merchandise Store
5710379250208908569,20170801,Basecamp Explorer Powerbank Flashlight,Electronics | Google Merchandise Store
5710379250208908569,20170801,Android Luggage Tag,Shop by Brand | Google Merchandise Store
5710379250208908569,20170801,Gunmetal Roller Ball Pen,Writing Instruments | Office | Google Merchandise Store
5710379250208908569,20170801,Google Men's 100% Cotton Short Sleeve Hero Tee White,Shop by Brand | Google Merchandise Store
5710379250208908569,20170801,Android Sticker Sheet Ultra Removable,Shop by Brand | Google Merchandise Store
5710379250208908569,20170801,Waze Pack of 9 Decal Set,Shop by Brand | Google Merchandise Store
5710379250208908569,20170801,Maze Pen,Writing Instruments | Office | Google Merchandise Store
5710379250208908569,20170801,Android Wool Heather Cap Heather/Black,Apparel | Google Merchandise Store
5710379250208908569,20170801,Android Twill Cap,Apparel | Google Merchandise Store
5710379250208908569,20170801,Google Car Clip Phone Holder,Electronics | Google Merchandise Store
5710379250208908569,20170801,Android Rise 14 oz Mug,Shop by Brand | Google Merchandise Store
5710379250208908569,20170801,Waze Pack of 9 Decal Set,Shop by Brand | Google Merchandise Store
5710379250208908569,20170801,Ballpoint LED Light Pen,Writing Instruments | Office | Google Merchandise Store
5710379250208908569,20170801,Seat Pack Organizer,Office | Google Merchandise Store
5710379250208908569,20170801,Keyboard DOT Sticker,Office | Google Merchandise Store
5710379250208908569,20170801,Colored Pencil Set,Writing Instruments | Office | Google Merchandise Store
5710379250208908569,20170801,Switch Tone Color Crayon Pen,Office | Google Merchandise Store
5710379250208908569,20170801,Micro Wireless Earbud,Electronics | Google Merchandise Store
5710379250208908569,20170801,Android Wool Heather Cap Heather/Black,Shop by Brand | Google Merchandise Store
5710379250208908569,20170801,Windup Android,Shop by Brand | Google Merchandise Store
5710379250208908569,20170801,Pen Pencil & Highlighter Set,Writing Instruments | Office | Google Merchandise Store
5710379250208908569,20170801,Android Sticker Sheet Ultra Removable,Office | Google Merchandise Store
5710379250208908569,20170801,Suitcase Organizer Cubes,Office | Google Merchandise Store
5710379250208908569,20170801,Google Laptop and Cell Phone Stickers,Office | Google Merchandise Store
5710379250208908569,20170801,Google Twill Cap,Apparel | Google Merchandise Store
5710379250208908569,20170801,Android Sticker Sheet Ultra Removable,Accessories | Google Merchandise Store
5710379250208908569,20170801,Rocket Flashlight,Electronics | Google Merchandise Store
5710379250208908569,20170801,Google Kick Ball,Fun | Accessories | Google Merchandise Store