v2ProductName,SKU_count,SKU
Waze Women's Typography Short Sleeve Tee,12,"GGOEWALJ083415,9184705,9184708,GGOEWXXX0834,GGOEWALJ083413"
Google Sunglasses,10,"GGOEGAAX0037,9180826,GGOEGHGR019499,9180827,9180825"
Google Men's Watershed Full Zip Hoodie Grey,10,"GGOEGAAX0568,GGOEGADJ056814,GGOEGADJ056818,9182739,GGOEGADJ056813"
Google Women's Insulated Thermal Vest Navy,10,"GGOEGAAX0585,9182760,GGOEGAPL058515,GGOEGAPL058517,GGOEGAPL058512"
Android Women's Short Sleeve Badge Tee Dark Heather,10,"9182176,GGOEAAEJ028213,9182177,GGOEAAEJ028215,GGOEAAEJ028216"
Google Men's Performance Full Zip Jacket Black,9,"9182751,9184620,GGOEGADB056914,GGOEGADB056917,GGOEGAAX0569"
Google Men's Vintage Badge Tee White,9,"GGOEGAAX0339,GGOEGAAQ033913,GGOEGAAQ033918,9182525,GGOEGAAQ033917"
Android Women's Short Sleeve Hero Tee Black,9,"GGOEGAAX0283,GGOEAAEB028313,GGOEAAEB028314,GGOEAAEB028315,9182181"
Google Women's Yoga Jacket Black,9,"GGOEGAPB058612,GGOEGAPB058615,GGOEGAPB058617,9182761,GGOEGAAX0586"
Google Men's Long Sleeve Raglan Ocean Blue,8,"9180905,GGOEGAEC033115,GGOEGAEC033116,GGOEGAEC033117,9182714"
Google Men's Performance 1/4 Zip Pullover Heather/Black,8,"9182750,GGOEGAAX0571,GGOEGADJ057114,GGOEGADJ057116,GGOEGADJ057118"
Google Toddler 1/4 Zip Fleece Pewter,8,"GGOEGAAX0657,9182853,GGOEGAXJ065730,GGOEGAXJ065755,9182857"
Google Men's Short Sleeve Hero Tee Light Blue,8,"GGOEGAAX0321,GGOEGAAC032114,9180958,GGOEGAAC032117,GGOEGAAC032113"
Google Men's Short Sleeve Performance Badge Tee Charcoal,8,"GGOEGAAX0570,GGOEGAAJ057014,9182752,GGOEGAAJ057018,GGOEGAAJ057017"
Google Men's Short Sleeve Performance Badge Tee Black,8,"GGOEGAAX0589,GGOEGAAB058918,GGOEGAAB058915,GGOEGAAB058916,GGOEGAAB058917"
Google Men's Short Sleeve Performance Badge Tee Navy,8,"GGOEGAAX0590,GGOEGAAL059015,GGOEGAAL059014,9182749,GGOEGAAL059013"
Google Men's Quilted Insulated Vest Black,8,"GGOEGAAX0596,9182745,GGOEGADB059616,GGOEGADB059614,GGOEGADB059613"
Google Men's Quilted Insulated Vest Battleship Grey,8,"GGOEGAAX0597,GGOEGADJ059714,GGOEGADJ059717,GGOEGADJ059718,9182746"
Android Women's Fleece Hoodie,8,"GGOEGAAX0361,GGOEAAQB036114,GGOEAAQB036113,GGOEAAQB036115,GGOEAAQB036116"
Google Women's V-Neck Tee Grey,8,"GGOEGAAX0298,9182688,GGOEGAEJ029815,GGOEGAEJ029816,9182686"
Google Women's Short Sleeve Performance Tee Charcoal,8,"GGOEGAAX0579,GGOEGALJ057912,GGOEGALJ057913,GGOEGALJ057916,GGOEGALJ057914"
Google Women's 1/4 Zip Jacket Charcoal,8,"GGOEGAAX0580,GGOEGAPJ058014,GGOEGAPJ058015,GGOEGAPJ058016,GGOEGAPJ058013"
Google Women's Short Sleeve Hero Tee Sky Blue,8,"9182658,GGOEGAEC029116,GGOEGAAX0291,9184720,GGOEGAEC029113"
Google Men's Lightweight Microfleece Jacket Black,8,"GGOEGADB057314,GGOEGAAX0573,GGOEGADB057313,GGOEGADB057316,GGOEGADB057318"
Google Adult Tee Fruit Games Pineapple,8,"GGOEGAAX0759,GGOEGAAH075917,9182977,GGOEGAAH075914,GGOEGAAH075913"
Google Men's Colorblock Tee White/Heather,8,"GGOEGAAQ057215,GGOEGAAQ057216,GGOEGAAQ057213,GGOEGAAQ057218,GGOEGAAX0572"
Google Long Sleeve Raglan Badge Henley Ocean Blue,8,"GGOEGAEC033113,GGOEGAEC033117,9180905,9182714,GGOEGAAX0331"
Google Men's Performance Polo Grey/Black,8,"GGOEGAHB057417,GGOEGAHB057418,GGOEGAHB057416,GGOEGAHB057414,GGOEGAAX0574"
Google Women's Lightweight Microfleece Jacket,8,"GGOEGAPB058212,GGOEGAPB058213,GGOEGAPB058215,GGOEGAPB058217,GGOEGAPB058216"
Google Women's Shell Jacket Blue/Black,8,"GGOEGAPC058814,GGOEGAPC058813,GGOEGAPC058812,GGOEGAPC058817,GGOEGAPC058816"
Google Women's Performance Polo Grey/Black,8,"GGOEGAUB058313,GGOEGAUB058315,GGOEGAAX0583,GGOEGAUB058317,GGOEGAUB058314"
Google Women's Performance Golf Polo Blue,8,"GGOEGAUC057713,GGOEGAUC057714,GGOEGAUC057712,GGOEGAAX0577,9182777"
YouTube Women's Short Sleeve Tri-blend Badge Tee Charcoal,8,"GGOEYAEJ029515,GGOEYAEJ029517,9181109,GGOEGAAX0295,GGOEYAEJ029513"
Google Women's Zip Hoodie Grey,8,"9182509,GGOEGAAX0587,9182775,GGOEGAQJ058713,9184618"
Google Tri-blend Hoodie Grey,7,"9181019,GGOEGAEJ031315,GGOEGAEJ031316,GGOEGAEJ031317,GGOEGAAX0313"
Google Men's Pullover Hoodie Grey,7,"9182593,GGOEGAFJ036216,GGOEGAFJ036213,GGOEGAAX0362,GGOEGAFJ036215"
Google Women's Long Sleeve Tee Lavender,7,"9182599,GGOEGALP036313,GGOEGALP036314,GGOEGAAX0363,GGOEGALP036315"
Google Men's Convertible Vest-Jacket Pewter,7,"9182742,GGOEGAAX0598,GGOEGADJ059815,GGOEGADJ059817,GGOEGADJ059814"
Google Men's Microfiber 1/4 Zip Pullover Blue/Indigo,7,"9182743,GGOEGAAX0595,GGOEGADC059513,GGOEGADC059515,GGOEGADC059517"
Google Women's Convertible Vest-Jacket Sea Foam Green,7,"9182765,GGOEGAAX0607,GGOEGATH060713,GGOEGATH060716,GGOEGATH060717"
YouTube Men's 3/4 Sleeve Henley,7,"GGOEGAAX0314,9182668,GGOEYAEB031413,GGOEYAEB031414,GGOEYAEB031415"
Android Men's  Zip Hoodie,7,"GGOEGAAX0359,GGOEAAFB035913,GGOEAAFB035914,GGOEAAFB035915,GGOEAAFB035917"
Google Women's Fleece Hoodie,7,"GGOEGAAX0360,GGOEGAQB036016,9182581,GGOEGAQB036013,GGOEGAQB036014"
Google Onesie Royal Blue,7,"GGOEGAAX0612,GGOEGAWC061249,GGOEGAWC061248,GGOEGAWC061250,GGOEGAWC061253"
Google Onesie Green,7,"GGOEGAAX0613,GGOEGAWH061348,GGOEGAWH061349,GGOEGAWH061353,9182806"
Google Toddler Raglan Shirt Blue Heather/Navy,7,"GGOEGAAX0659,GGOEGAXL065929,GGOEGAXL065930,9182858,9182859"
Android Onesie Baby Blue,7,"GGOEGAAX0616,GGOEAAWC061649,GGOEAAWC061654,9183058,GGOEAAWC061648"
Google Men's 100% Cotton Short Sleeve Hero Tee Black,7,"GGOEGAAX0105,GGOEGAAB010516,GGOEGAAB010513,9182721,GGOEGAAB010514"
Google Heavyweight Long Sleeve Hero Tee Burgundy,7,"GGOEGAAX0310,9182735,GGOEGAEE031013,GGOEGAEE031014,GGOEGAEE031016"
Google Heavyweight Long Sleeve Hero Tee Navy,7,"GGOEGAAX0311,GGOEGAEL031113,GGOEGAEL031114,GGOEGAEL031115,GGOEGAEL031117"
Google 3/4 Sleeve Raglan Badge Henley Black,7,"GGOEGAAX0315,GGOEGAEB031515,9182713,GGOEGAEB031514,GGOEGAEB031517"
YouTube Men's Short Sleeve Hero Tee Black,7,"GGOEGAAX0318,9182792,GGOEYAAB031813,GGOEYAAB031817,GGOEYAAB031814"
Google Men's Short Sleeve Hero Tee Charcoal,7,"GGOEGAAX0323,GGOEGAAJ032316,9182719,GGOEGAAJ032314,GGOEGAAJ032315"
YouTube Men's Short Sleeve Hero Tee Charcoal,7,"GGOEGAAX0325,GGOEYAAJ032517,GGOEYAAJ032513,GGOEYAAJ032516,9182791"
YouTube Men's Vintage Tee,7,"GGOEGAAX0346,GGOEYAAB034615,GGOEYAAB034616,9182547,GGOEYAAB034614"
Google Men's Bayside Graphic Tee,7,"GGOEGAAX0350,GGOEGAAC035014,9183003,GGOEGAAC035013,GGOEGAAC035016"
Android Men's Vintage Henley,7,"GGOEGAAX0352,GGOEAAEH035215,GGOEAAEH035213,9182559,GGOEAAEH035214"
YouTube Men's Vintage Tank,7,"GGOEGAAX0356,GGOEYAEB035614,GGOEYAEB035613,GGOEYAEB035615,9182562"
Google Men's Airflow 1/4 Zip Pullover Black,7,"GGOEGAAX0592,GGOEGADB059215,GGOEGADB059216,GGOEGADB059213,GGOEGADB059214"
Google Men's Airflow 1/4 Zip Pullover Lapis,7,"GGOEGAAX0593,GGOEGADC059316,GGOEGADC059315,GGOEGADC059314,9182741"
YouTube Men's Fleece Hoodie Black,7,"GGOEGAAX0731,GGOEYAFB073113,GGOEYAFB073114,GGOEYAFB073115,GGOEYAFB073116"
Google Women's Short Sleeve V-Neck Tee Black,7,"GGOEGAAX0286,9182635,GGOEGAEB028615,GGOEGAEB028617,GGOEGAEB028614"
Google Women's Short Sleeve Shirt Dark Grey,7,"GGOEGAAX0289,9182653,GGOEGAEJ028913,GGOEGAEJ028916,GGOEGAEJ028915"
Google Women's Vintage T-Shirt Black,7,"GGOEGAAX0341,9182537,GGOEGALB034113,GGOEGALB034114,GGOEGALB034115"
Google Women's Scoop Neck Tee Black,7,"GGOEGAAX0365,GGOEGALB036513,GGOEGALB036515,GGOEGALB036516,GGOEGALB036514"
Google Women's 1/4 Zip Performance Pullover Two-Tone Blue,7,"GGOEGAAX0603,GGOEGATC060313,GGOEGATC060314,GGOEGATC060315,GGOEGATC060316"
Google Women's Quilted Insulated Vest Black,7,"GGOEGAAX0604,GGOEGATB060413,GGOEGATB060414,GGOEGATB060415,GGOEGATB060417"
Google Women's Quilted Insulated Vest White,7,"GGOEGAAX0605,GGOEGATJ060515,GGOEGATJ060516,9182767,GGOEGATJ060513"
Google Women's Convertible Vest-Jacket Black,7,"GGOEGAAX0606,GGOEGATB060614,GGOEGATB060615,GGOEGATB060616,9182764"
Android Women's Long Sleeve Blended Cardigan Grey,7,"GGOEGAAX0309,GGOEAAEJ030914,GGOEAAEJ030913,GGOEAAEJ030917,GGOEAAEJ030916"
YouTube Women's Fleece Hoodie Black,7,"GGOEGAAX0732,GGOEYAQB073217,GGOEYAQB073213,9183118,GGOEYAQB073214"
Insulated Bottle,7,"GGOEGAAX0228,GGOEGDHC022999,GGOEGDHJ023099,9180788,9182699"
Google Men's Vintage Badge Tee Green,7,"9182531,GGOEGAAH034017,GGOEGAAH034013,GGOEGAAX0340,GGOEGAAH034015"
YouTube Onesie Heather,7,"9183015,GGOEYAWJ061448,GGOEYAWJ061453,GGOEGAAX0614,GGOEYAWJ061449"
Google Women's Performance Hero Tee Gunmetal,7,"9183106,GGOEGALJ072914,GGOEGALJ072915,GGOEGALJ072913,GGOEGAAX0729"
Google Men's 100% Cotton Short Sleeve Hero Tee Red,7,"9182724,GGOEGAAR010716,GGOEGAAR010717,GGOEGAAX0107,GGOEGAAR010714"
Google Women's Short Sleeve Hero Tee Grey,7,"9182782,GGOEGAEJ028015,GGOEGAEJ028013,GGOEGAEJ028016,GGOEGAEJ028017"
Android Men's Long & Lean Badge Tee Charcoal,7,"GGOEAAAJ032914,GGOEAAAJ032916,GGOEGAAX0329,GGOEAAAJ032915,GGOEAAAJ032913"
Android Men's Take Charge Short Sleeve Tee Purple,7,"GGOEAAAP081216,GGOEAAAP081217,9184663,GGOEAAAP081214,GGOEAAAP081215"
Android Heavyweight Long Sleeve Badge Tee Black,7,"GGOEAAEB031214,GGOEAAEB031216,9182707,GGOEGAAX0312,GGOEAAEB031213"
Android Men's 3/4 Sleeve Raglan Henley Black,7,"GGOEAAEB031615,GGOEAAEB031617,GGOEAAEB031613,GGOEGAAX0316,GGOEAAEB031616"
Android Onesie Gold,7,"GGOEAAWT061748,GGOEAAWT061749,GGOEAAWT061753,GGOEAAWT061750,GGOEGAAX0617"
Google Men's Vintage Badge Tee Black,7,"GGOEGAAB033814,GGOEGAAX0338,9182519,GGOEGAAB033813,GGOEGAAB033815"
Google Men's Short Sleeve Badge Tee Charcoal,7,"GGOEGAAJ032614,GGOEGAAJ032616,9182720,GGOEGAAX0326,GGOEGAAJ032613"
Google Men's Skater Tee Grey,7,"GGOEGAAJ032715,GGOEGAAJ032714,9182725,GGOEGAAX0327,GGOEGAAJ032713"
Google Men's Long & Lean Tee Grey,7,"GGOEGAAJ032715,GGOEGAAJ032714,GGOEGAAJ032717,GGOEGAAX0327,9182725"
Google Men's Short Sleeve Performance Badge Tee Pewter,7,"GGOEGAAJ059115,GGOEGAAJ059116,GGOEGAAX0591,GGOEGAAJ059114,GGOEGAAJ059113"
Google Men's Bike Short Sleeve Tee Charcoal,7,"GGOEGAAJ080613,GGOEGAAJ080615,9184627,GGOEGXXX0806,GGOEGAAJ080617"
Google Men's 100% Cotton Short Sleeve Hero Tee Navy,7,"GGOEGAAL010613,GGOEGAAL010614,GGOEGAAL010615,9182722,GGOEGAAX0106"
Google Men's 100% Cotton Short Sleeve Hero Tee White,7,"GGOEGAAQ010413,GGOEGAAQ010414,GGOEGAAQ010416,GGOEGAAQ010417,9182723"
BLM Sweatshirt,7,"GGOEGAEB084515,GGOEGXXX0845,GGOEGAEB084513,GGOEGAEB084516,GGOEGAEB084517"
Google Men's Heavyweight Long Sleeve Hero Tee Navy,7,"GGOEGAEL031114,GGOEGAEL031115,9182736,GGOEGAEL031116,GGOEGAEL031117"
Google Women's Short Sleeve Hero Tee Red Heather,7,"GGOEGAER029713,GGOEGAER029714,GGOEGAAX0297,GGOEGAER029715,GGOEGAER029716"
Google Men's Vintage Tank,7,"GGOEGAER035514,GGOEGAAX0355,GGOEGAER035513,GGOEGAER035515,GGOEGAER035516"
Google Men's Pullover Hoodie,7,"GGOEGAFJ036217,GGOEGAFJ036213,GGOEGAFJ036214,GGOEGAAX0362,9182593"
Google Women's Tee Grey,7,"GGOEGALJ036413,GGOEGALJ036416,GGOEGALJ036415,GGOEGAAX0364,GGOEGALJ036414"
Google Women's Short Sleeve Performance Tee Pewter,7,"GGOEGALJ060113,GGOEGALJ060114,GGOEGALJ060115,GGOEGALJ060116,GGOEGAAX0601"
Google Women's 1/4 Zip Performance Pullover Black,7,"GGOEGATB060213,GGOEGATB060217,GGOEGAAX0602,GGOEGATB060215,GGOEGATB060214"
Google Onesie Red,7,"GGOEGAWR061149,GGOEGAWR061153,GGOEGAWR061150,GGOEGAAX0611,GGOEGAWR061148"
Waze Men's Short Sleeve Tee,7,"GGOEWAAJ082815,GGOEWAAJ082816,GGOEWXXX0828,9184689,GGOEWAAJ082813"
YouTube Men's Vintage Henley,7,"GGOEYAEA035114,GGOEYAEA035117,GGOEYAEA035113,GGOEGAAX0351,GGOEYAEA035115"
Google Men's Microfiber 1/4 Zip Pullover Grey/Black,7,"9182744,GGOEGADJ059414,GGOEGADJ059416,GGOEGADJ059415,GGOEGAAX0594"
Android Men's Outerstellar Short Sleeve Tee Black,7,"GGOEAAAB081014,GGOEAAAB081016,GGOEAAAB081013,GGOEAAAB081015,GGOEAAAB081017"
Android Lifted Men's Short Sleeve Tee Blue,7,"GGOEAAAC080914,GGOEAAAC080915,GGOEAAAC080916,GGOEAAAC080917,GGOEAXXX0809"
Android Men's Short Sleeve Tri-blend Hero Tee Grey,7,"GGOEAAAJ032413,GGOEAAAJ032414,9182702,GGOEGAAX0324,GGOEAAAJ032415"
Android Men's Engineer Short Sleeve Tee Charcoal,7,"GGOEAAAJ080813,GGOEAAAJ080814,GGOEAAAJ080815,GGOEAAAJ080817,GGOEAAAJ080816"
Android Men's Long Sleeve Badge Crew Tee Heather,7,"GGOEAAEJ033417,9182701,GGOEGAAX0334,GGOEAAEJ033413,GGOEAAEJ033414"
Google Men's Long & Lean Tee Charcoal,7,"GGOEGAAJ032814,GGOEGAAJ032816,GGOEGAAJ032817,GGOEGAAJ032813,GGOEGAAX0328"
Google Men's Short Sleeve Hero Tee Heather,7,"GGOEGAAJ073417,GGOEGAAX0734,GGOEGAAJ073413,GGOEGAAJ073414,GGOEGAAJ073415"
Google Men's Around The Block Short Sleeve Tee Ash,7,"GGOEGAAJ080714,GGOEGAAJ080715,GGOEGAAJ080716,GGOEGAAJ080713,9184633"
Google Men's 3/4 Sleeve Raglan Henley Grey,7,"GGOEGAEJ030713,GGOEGAEJ030714,GGOEGAEJ030715,9182734,GGOEGAAX0307"
Google Women's Long Sleeve Blended Cardigan Charcoal,7,"GGOEGAEJ030816,GGOEGAAX0308,GGOEGAEJ030815,GGOEGAEJ030814,GGOEGAEJ030813"
Google Men's Long Sleeve Pullover Badge Tee Heather,7,"GGOEGAEJ033316,GGOEGAAX0333,GGOEGAEJ033313,GGOEGAEJ033314,GGOEGAEJ033315"
Google Women's Short Sleeve Shirt Red,7,"GGOEGAER029214,9182663,GGOEGAER029217,GGOEGAAX0292,GGOEGAER029213"
Google Women's Short Sleeve Performance Tee Black,7,"GGOEGALB059914,GGOEGALB059915,GGOEGAAX0599,GGOEGALB059913,9182768"
Google Women's Short Sleeve Hero Tee Heather,7,"GGOEGALJ073313,GGOEGALJ073315,9183179,GGOEGALJ073316,GGOEGAAX0733"
Google Women's Short Sleeve V-Neck Tee Lavender,7,"GGOEGALP034315,GGOEGALP034313,GGOEGALP034317,GGOEGAAX0343,9182539"
Google Women's Tee Purple,7,"GGOEGALP036315,GGOEGALP036313,GGOEGALP036317,GGOEGAAX0363,GGOEGALP036314"
Google Women's Hero V-Neck Tee White,7,"GGOEGALQ034213,GGOEGALQ034214,9182538,GGOEGALQ034217,GGOEGALQ034216"
Women's Performance Full Zip Jacket Black,7,"GGOEGAPB057815,GGOEGAPB057812,GGOEGAPB057813,GGOEGAPB057814,GGOEGAPB057816"
Waze Men's Typography Short Sleeve Tee,7,"GGOEWAAJ083514,GGOEWXXX0835,GGOEWAAJ083515,GGOEWAAJ083513,GGOEWAAJ083516"
Waze Women's Short Sleeve Tee,7,"GGOEWALJ082713,9184683,GGOEWXXX0827,GGOEWALJ082717,GGOEWALJ082715"
YouTube Men's Long & Lean Tee Charcoal,7,"GGOEYAAJ033014,GGOEYAAJ033015,GGOEYAAJ033017,9182793,GGOEGAAX0330"
YouTube Women's Short Sleeve Tri-blend Badge Tee Grey,7,"GGOEYAEJ029613,GGOEYAEJ029614,GGOEYAEJ029616,9182798,GGOEYAEJ029617"
YouTube Men's Long Sleeve Pullover Badge Tee Heather,7,"GGOEYAEJ033513,GGOEYAEJ033516,9182790,GGOEYAEJ033517,GGOEGAAX0335"
Android BTTF Cosmos Shirt,7,"GGOEAAAB034813,9183040,GGOEGAAX0348,GGOEAAAB034815,GGOEAAAB034814"
Android Onesie Sprout Green,7,"GGOEAAWH061548,GGOEAAWH061553,9183052,GGOEAAWH061554,GGOEGAAX0615"
Google Men's Skater Tee Charcoal,7,"GGOEGAAJ032816,GGOEGAAX0328,9182726,GGOEGAAJ032813,GGOEGAAJ032814"
Google Men's Heavyweight Long Sleeve Hero Tee Burgundy,7,"9182735,GGOEGAEE031013,GGOEGAEE031016,GGOEGAEE031014,GGOEGAEE031015"
Google Men's Long Sleeve Pullover Crew Tee Heather,7,"9182716,GGOEGAEJ033317,GGOEGAAX0333,GGOEGAEJ033315,GGOEGAEJ033316"
Google Women's Short Sleeve Hero Dark Grey,7,"GGOEGAAX0289,9182653,GGOEGAEJ028917,GGOEGAEJ028916,GGOEGAEJ028914"
Google Women's Short Sleeve Badge Tee Red Heather,7,"GGOEGAAX0292,GGOEGAER029217,GGOEGAER029213,GGOEGAER029215,9182663"
Google Women's Short Sleeve Performance Tee Navy,7,"GGOEGALL060014,GGOEGAAX0600,GGOEGALL060013,GGOEGALL060015,GGOEGALL060017"
Google Men's Performance Badge Tee Navy,7,"GGOEGAAL059015,GGOEGAAL059013,GGOEGAAX0590,9182749,GGOEGAAL059017"
Google Men's  Zip Hoodie,7,"9182569,GGOEGAAX0358,GGOEGAFB035813,GGOEGAFB035814,GGOEGAFB035815"
Android 24 oz Contigo Bottle,6,"9180750,GGOEGAAX0127,9180752,GGOEADHH015499,9180751"
Google Toddler Short Sleeve T-shirt Yellow,6,"9182838,GGOEGAAX0654,GGOEGAXT065455,GGOEGAXT065428,GGOEGAXT065430"
Google Women's Short Sleeve Hero Tee Black,6,"GGOEGAAX0278,GGOEGAEB027813,9182781,GGOEGAEB027814,GGOEGAEB027815"
Google Toddler Hoodie Royal Blue,6,"GGOEGAAX0656,GGOEGAXC065655,9182848,GGOEGAXC065628,GGOEGAXC065629"
Google Toddler Sports T-shirt Red,6,"GGOEGAAX0660,GGOEGAXR066028,GGOEGAXR066055,GGOEGAXR066029,GGOEGAXR066030"
Android Toddler Short Sleeve T-shirt Pink,6,"GGOEGAAX0663,GGOEAAXN066328,GGOEAAXN066330,GGOEAAXN066329,GGOEAAXN066355"
Google Youth Short Sleeve T-shirt Yellow,6,"GGOEGAAX0685,GGOEGAYT068524,GGOEGAYT068556,GGOEGAYT068526,GGOEGAYT068525"
Android Youth Short Sleeve T-shirt Aqua,6,"GGOEGAAX0687,GGOEAAYC068756,GGOEAAYC068724,GGOEAAYC068726,9182898"
Android Youth Short Sleeve T-shirt Pewter,6,"GGOEGAAX0688,GGOEAAYJ068825,GGOEAAYJ068856,GGOEAAYJ068824,9182903"
Google Youth Girl Tee Green,6,"GGOEGAAX0679,GGOEGAYH067926,GGOEGAYH067956,GGOEGAYH067925,GGOEGAYH067924"
Google Youth Baseball Raglan Heather/Black,6,"GGOEGAAX0680,GGOEGAYB068024,9183091,GGOEGAYB068026,GGOEGAYB068025"
Google Youth Sports Tee Navy,6,"GGOEGAAX0681,GGOEGAYL068125,GGOEGAYL068126,GGOEGAYL068124,GGOEGAYL068156"
Google Youth Short Sleeve Tee Red,6,"GGOEGAAX0682,GGOEGAYR068256,GGOEGAYR068226,9183152,GGOEGAYR068224"
Google Youth Girl Hoodie,6,"GGOEGAAX0689,GGOEGAYQ068925,GGOEGAYQ068956,GGOEGAYQ068926,9183101"
YouTube Men's Short Sleeve Hero Tee White,6,"GGOEGAAX0317,GGOEYAAQ031714,GGOEYAAQ031716,GGOEYAAQ031715,GGOEYAAQ031713"
Android Men's Short Sleeve Hero Tee Heather,6,"GGOEGAAX0319,GGOEAAAJ031914,GGOEAAAJ031916,GGOEAAAJ031917,GGOEAAAJ031913"
YouTube Men's Skater Tee Charcoal,6,"GGOEGAAX0330,GGOEYAAJ033013,GGOEYAAJ033014,GGOEYAAJ033015,GGOEYAAJ033016"
Android Men's Vintage Tee,6,"GGOEGAAX0345,GGOEAAAJ034514,GGOEAAAJ034517,GGOEAAAJ034513,GGOEAAAJ034516"
Android BTTF Cosmos Graphic Tee,6,"GGOEGAAX0348,GGOEAAAB034813,GGOEAAAB034815,GGOEAAAB034817,GGOEAAAB034814"
Google Men's Performance Tee Gunmetal,6,"GGOEGAAX0730,GGOEGAAJ073016,GGOEGAAJ073017,GGOEGAAJ073015,GGOEGAAJ073013"
Women's YouTube Short Sleeve Hero Tee Black,6,"GGOEGAAX0284,GGOEYAEB028414,GGOEYAEB028415,GGOEYAEB028413,9182186"
YouTube Womens 3/4 Sleeve Baseball Raglan White/Black,6,"GGOEGAAX0305,GGOEYAEA030514,GGOEYAEA030513,GGOEYAEA030515,GGOEYAEA030516"
Google Women's Short Sleeve Hero Tee White,6,"GGOEGAAX0279,GGOEGAEQ027913,GGOEGAEQ027916,9182784,GGOEGAEQ027914"
Google Women's Short Sleeve V-Neck Tee Dark Grey,6,"GGOEGAAX0287,GGOEGAEJ028714,GGOEGAEJ028715,GGOEGAEJ028716,GGOEGAEJ028713"
Google Women's Scoop Neck Tee White,6,"GGOEGAAX0366,GGOEGALQ036614,GGOEGALQ036613,GGOEGALQ036615,GGOEGALQ036616"
Google Women's Scoop Neck Tee Green,6,"GGOEGAAX0367,GGOEGALH036715,GGOEGALH036713,GGOEGALH036714,GGOEGALH036716"
Google Women's Yoga Pants,6,"GGOEGAAX0584,9182774,GGOEGARJ058413,GGOEGARJ058415,GGOEGARJ058414"
Google Women's Short Sleeve Badge Tee Navy,6,"GGOEGAAX0746,GGOEGALL074613,GGOEGALL074614,GGOEGALL074615,9183173"
Google Toddler Tee Fruit Games Cherries,6,"GGOEGAAX0748,GGOEGAXC074828,9182916,GGOEGAXC074830,GGOEGAXC074829"
Google Youth Tee Fruit Games Cherries,6,"GGOEGAAX0753,GGOEGAYC075326,9182941,GGOEGAYC075356,GGOEGAYC075325"
Google Adult Tee Fruit Games Dragonfruit,6,"GGOEGAAX0757,GGOEGAAC075714,9182961,GGOEGAAC075713,GGOEGAAC075715"
Google Women's Vintage Hero Tee Black,6,"GGOEGAAX0341,GGOEGALB034114,GGOEGALB034116,GGOEGALB034117,GGOEGALB034113"
Google Women's Vintage Hero Tee Lavender,6,"GGOEGAAX0343,GGOEGALP034314,GGOEGALP034316,GGOEGALP034317,GGOEGALP034313"
Google Women's Short Sleeve Badge Tee Grey,6,"9182783,GGOEGAEJ028113,GGOEGAEJ028114,GGOEGAEJ028115,GGOEGAAX0281"
Android BTTF Moonshot Graphic Tee,6,"GGOEAAAB034916,GGOEAAAB034913,GGOEAAAB034914,GGOEGAAX0349,GGOEAAAB034915"
Android Men's Skater Badge Tee Charcoal,6,"GGOEAAAJ032915,GGOEAAAJ032913,GGOEGAAX0329,GGOEAAAJ032914,GGOEAAAJ032916"
Android Men's Pep Rally Short Sleeve Tee Navy,6,"GGOEAAAL081113,GGOEAAAL081114,GGOEAAAL081116,GGOEAAAL081117,GGOEAAAL081115"
Google Men's Vintage Badge Tee Sage,6,"GGOEGAAH034015,GGOEGAAX0340,GGOEGAAH034016,GGOEGAAH034014,GGOEGAAH034017"
Men's Weatherblock Shell Jacket Black,6,"GGOEGADB056614,GGOEGADB056618,GGOEGADB056615,GGOEGADB056613,GGOEGADB056616"
Men's Softshell Jacket Black/Grey,6,"GGOEGADB056715,GGOEGADB056713,GGOEGADB056714,GGOEGADB056717,GGOEGADB056718"
Google Vintage Henley Grey/Black,6,"GGOEGAEJ035314,GGOEGAEJ035313,GGOEGAEJ035317,GGOEGAAX0353,GGOEGAEJ035315"
Google Men's Long Sleeve Raglan Cranberry,6,"GGOEGAER033216,GGOEGAER033217,GGOEGAAX0332,GGOEGAER033214,GGOEGAER033215"
Google Toddler Short Sleeve T-shirt Royal Blue,6,"GGOEGAXC065229,GGOEGAXC065230,GGOEGAXC065228,9182828,GGOEGAAX0652"
Google Toddler Short Sleeve T-shirt Green,6,"GGOEGAXH065330,GGOEGAXH065328,GGOEGAXH065355,9182833,GGOEGAAX0653"
Google Toddler Short Sleeve T-shirt Grey,6,"GGOEGAXJ065530,GGOEGAXJ065555,GGOEGAXJ065528,GGOEGAAX0655,GGOEGAXJ065529"
Google Toddler Short Sleeve Tee Red,6,"GGOEGAXR065128,GGOEGAXR065129,GGOEGAXR065155,9183147,GGOEGAAX0651"
25L Classic Rucksack,6,"GGOEGBRB079599,9183239,9183240,GGOEGBRD079699,9183241"
Google Women's Vintage Hero Tee Platinum,6,"GGOEGAAX0344,GGOEGALJ034413,GGOEGALJ034414,GGOEGALJ034416,GGOEGALJ034415"
Android BTTF Moonshot Shirt,6,"GGOEAAAB034916,GGOEAAAB034915,GGOEAAAB034917,GGOEGAAX0349,GGOEAAAB034913"
Android Men's Paradise Short Sleeve Tee Olive,6,"GGOEAAAH083315,GGOEAAAH083313,GGOEAXXX0833,GGOEAAAH083314,GGOEAAAH083316"
Android Women's Racer Back Tank Black,6,"GGOEAAEB030214,GGOEAAEB030213,9182710,GGOEAAEB030216,GGOEGAAX0302"
Android Men's Vintage Tank,6,"GGOEAAEJ035717,GGOEGAAX0357,GGOEAAEJ035714,GGOEAAEJ035715,GGOEAAEJ035716"
Android Toddler Short Sleeve T-shirt Pewter,6,"GGOEAAXJ066228,GGOEAAXJ066255,9182868,GGOEGAAX0662,GGOEAAXJ066229"
Google Men's Performance Hero Tee Gunmetal,6,"GGOEGAAJ073014,GGOEGAAJ073015,GGOEGAAJ073013,GGOEGAAX0730,GGOEGAAJ073017"
Google Women's Short Sleeve Shirt Blue,6,"GGOEGAEC029113,GGOEGAEC029116,GGOEGAEC029115,GGOEGAAX0291,GGOEGAEC029114"
Google  Women's Muscle Tee,6,"GGOEGAEJ028513,GGOEGAEJ028515,GGOEGAEJ028516,GGOEGAAX0285,9182629"
Google Women's Short Sleeve V-Neck Tee Stone,6,"GGOEGALJ034413,GGOEGALJ034415,GGOEGAAX0344,GGOEGALJ034417,9182540"
Google Women's Vintage Hero Tee White,6,"GGOEGALQ034214,GGOEGALQ034213,GGOEGALQ034215,GGOEGALQ034216,GGOEGALQ034217"
Women's Weatherblock Shell Jacket Black,6,"GGOEGAPB057512,GGOEGAPB057516,GGOEGAPB057517,GGOEGAPB057513,GGOEGAPB057514"
Google Onesie Red/Graphite,6,"GGOEGAWR061049,GGOEGAWR061050,9183124,GGOEGAAX0610,GGOEGAWR061048"
Google Youth Short Sleeve T-shirt Royal Blue,6,"GGOEGAYC068356,GGOEGAYC068324,GGOEGAYC068325,9182883,GGOEGAAX0683"
Google Youth Short Sleeve T-shirt Green,6,"GGOEGAYH068424,GGOEGAYH068425,GGOEGAYH068426,GGOEGAAX0684,GGOEGAYH068456"
Google Collapsible Pet Bowl,6,"GGOEGPXR023199,9180871,GGOEGAAX0231,GGOEGPXC023299,9182909"
YouTube Women's Short Sleeve Crew Tee,6,"GGOEYAEJ029013,GGOEYAEJ029014,GGOEYAEJ029015,GGOEYAEJ029016,GGOEGAAX0290"
Google Toddler Tee Fruit Games Pineapple,6,"GGOEGAXH074755,9182911,GGOEGAXH074729,GGOEGAAX0747,GGOEGAXH074730"
YouTube Women's Short Sleeve Hero Tee Charcoal,6,"GGOEYAEJ029016,GGOEYAEJ029013,GGOEYAEJ029014,GGOEYAEJ029015,GGOEYAEJ029017"
Android Women's Short Sleeve Badge Tee Light Charcoal,6,"GGOEGAAX0293,GGOEAAEJ029315,GGOEAAEJ029313,GGOEAAEJ029314,GGOEAAEJ029316"
YouTube Women's S/S Crew Tee,6,"GGOEYAEJ029014,GGOEYAEJ029013,GGOEYAEJ029016,GGOEYAEJ029017,GGOEYAEJ029015"
Google Toddler Tee Fruit Games Banana,6,"GGOEGAXR074929,GGOEGAXR074930,GGOEGAXR074955,GGOEGAAX0749,9182921"
7&quot; Dog Frisbee,6,"9180867,GGOEGAAX0098,GGOEGPJC019099,GGOEGPJR018999,9180870"
Google Women's Badge Performance Tee Black,6,"GGOEGALB059916,9182768,GGOEGALB059913,GGOEGAAX0599,GGOEGALB059914"
Android Men's Short Sleeve Hero Tee White,6,"GGOEGAAX0320,GGOEAAAQ032014,GGOEAAAQ032016,GGOEAAAQ032013,GGOEAAAQ032015"
Google Men's Performance Badge Tee Black,6,"GGOEGAAB058914,GGOEGAAX0589,9182747,GGOEGAAB058915,GGOEGAAB058916"
Google Pet Feeding Mat,5,"GGOEGAAX0168,9180775,GGOEGCBC016999,GGOEGCBN016899,9182980"
Google Infant Zip Hood Pink,5,"GGOEGAAX0627,GGOEGAWN062749,GGOEGAWN062748,GGOEGAWN062750,9182812"
Android Toddler Short Sleeve T-shirt Aqua,5,"GGOEGAAX0664,GGOEAAXC066430,GGOEAAXC066428,GGOEAAXC066429,GGOEAAXC066455"
You Tube Toddler Short Sleeve Tee Red,5,"GGOEGAAX0661,GGOEYAXR066128,GGOEYAXR066129,GGOEYAXR066130,GGOEYAXR066155"
Google Toddler Short Sleeve Tee White,5,"GGOEGAAX0671,GGOEGAXQ067128,GGOEGAXQ067130,GGOEGAXQ067155,GGOEGAXQ067129"
YouTube Youth Short Sleeve Tee Red,5,"GGOEGAAX0686,GGOEYAYR068626,GGOEYAYR068624,GGOEYAYR068625,GGOEYAYR068656"
Google Youth Short Sleeve Tee White,5,"GGOEGAAX0690,GGOEGAYQ069025,GGOEGAYQ069026,GGOEGAYQ069024,GGOEGAYQ069056"
YouTube Women's Racer Back Tank Black,5,"GGOEGAAX0300,GGOEYAEB030013,GGOEYAEB030016,GGOEYAEB030015,GGOEYAEB030014"
Google Women's Softshell Jacket Black/Grey,5,"GGOEGAAX0576,GGOEGAPB057613,9182778,GGOEGAPB057614,GGOEGAPB057615"
Google Women's Colorblock Tee White,5,"GGOEGAAX0581,9182779,GGOEGALQ058114,GGOEGALQ058113,GGOEGALQ058116"
Android Stretch Fit Hat,5,"GGOEGAAX0042,GGOEAHPB076115,GGOEAHPB076114,GGOEAHPB076113,9182706"
Google Toddler Tee Fruit Games Strawberry,5,"GGOEGAAX0750,GGOEGAXT075029,GGOEGAXT075028,GGOEGAXT075030,GGOEGAXT075055"
Google Youth Tee Fruit Games Strawberry,5,"GGOEGAAX0755,9182951,GGOEGAYT075526,GGOEGAYT075525,GGOEGAYT075556"
Google Adult Tee Fruit Games Cherries,5,"GGOEGAAX0758,GGOEGAAC075813,GGOEGAAC075814,9182967,GGOEGAAC075815"
Google Womens 3/4 Sleeve Baseball Raglan Heather/Black,5,"GGOEGAEA030413,GGOEGAEA030416,GGOEGAEA030417,GGOEGAEA030415,GGOEGAEA030414"
Google Women's Short Sleeve Hero V-Neck Tee Black,5,"GGOEGAEB028613,GGOEGAAX0286,GGOEGAEB028615,GGOEGAEB028616,GGOEGAEB028614"
Google Infant Zip Hood Royal Blue,5,"GGOEGAWC062848,GGOEGAWC062850,GGOEGAAX0628,GGOEGAWC062849,9182816"
Google Infant Short Sleeve Tee White,5,"GGOEGAWQ062248,GGOEGAWQ062250,GGOEGAWQ062249,9183143,GGOEGAAX0622"
Google Baby Essentials Set,5,"GGOEGAWQ062948,9182820,GGOEGAAX0629,GGOEGAWQ062949,GGOEGAWQ062953"
Google Men's Zip Hoodie,5,"9182569,GGOEGAFB035815,GGOEGAAX0358,GGOEGAFB035814,GGOEGAFB035816"
Google 3/4 Sleeve Raglan Henley Grey,5,"GGOEGAEJ030714,GGOEGAEJ030715,GGOEGAEJ030716,GGOEGAAX0307,GGOEGAEJ030713"
Android Infant Short Sleeve Tee Aqua,5,"GGOEAAWC062450,9183074,GGOEAAWC062449,GGOEGAAX0624,GGOEAAWC062448"
Google Women's V-Neck Tee Charcoal,5,"GGOEGAEJ029914,GGOEGAEJ029915,GGOEGAAX0299,GGOEGAEJ029913,GGOEGAEJ029916"
Google Youth Tee Fruit Games Banana,5,"GGOEGAYR075424,9182946,GGOEGAYR075426,GGOEGAAX0754,GGOEGAYR075425"
Android Women's Short Sleeve Tri-blend Badge Tee Light Blue,5,"GGOEAAEC029413,GGOEAAEC029416,GGOEAAEC029415,GGOEGAAX0294,GGOEAAEC029414"
Google Youth Tee Fruit Games Pineapple,5,"GGOEGAYH075225,GGOEGAYH075224,GGOEGAAX0752,9182936,GGOEGAYH075226"
Google Youth Tee Fruit Games Lemon,5,"GGOEGAYC075626,9182956,GGOEGAAX0756,GGOEGAYC075624,GGOEGAYC075625"
Collapsible Pet Bowl,4,"GGOEGAAX0231,GGOEGPXR023199,9182909,9180872"
Google Infant Short Sleeve Tee Cornflower Blue,4,"GGOEGAAX0621,GGOEGAWC062148,GGOEGAWC062150,GGOEGAWC062149"
YouTube Infant Short Sleeve Tee Red,4,"GGOEGAAX0623,GGOEYAWR062348,GGOEYAWR062350,GGOEYAWR062349"
Google Men's Long Sleeve Baseball Raglan Cranberry,4,"GGOEGAAX0332,9182715,GGOEGAER033213,GGOEGAER033214"
Google Power Bank,4,"GGOEGETB023799,GGOEGETR014599,9180812,9180813"
Google Women's Short Sleeve Shirt Light Grey,4,"GGOEGAAX0288,GGOEGAEJ028813,9182647,GGOEGAEJ028815"
Google Women's Recycled Fabric Tee,4,"GGOEGAAX0306,9182674,GGOEGAEA030614,GGOEGAEA030613"
Nest® Learning Thermostat 3rd Gen-USA,4,"GGOEGAAX0794,GGOENEBJ079499,9183234,9184735"
22 oz Mini Mountain Bottle,4,"GGOEGAAX0074,GGOEGDHC018299,9180797,GGOEGDHR018499"
Android 24 oz Contigo Addison,4,"GGOEADHJ015599,9180751,GGOEADHH015499,9180752"
Google Women's Badge Performance Tee Navy,4,"GGOEGALL060014,GGOEGAAX0600,GGOEGALL060013,9182770"
Android Infant Short Sleeve Tee Pink,4,"GGOEAAWN062650,GGOEGAAX0626,GGOEAAWN062648,GGOEAAWN062649"
Google Infant Short Sleeve Tee Red,4,"GGOEGAWR061850,GGOEGAAX0618,GGOEGAWR061848,GGOEGAWR061849"
Recycled Paper Journal Set,4,"9180860,GGOEGAAX0081,GGOEGOCC017599,GGOEGOCR017899"
Android Infant Short Sleeve Tee Pewter,4,"GGOEAAWJ062548,GGOEGAAX0625,GGOEAAWJ062549,GGOEAAWJ062550"
Google Infant Short Sleeve Tee Royal Blue,4,"GGOEGAAX0619,GGOEGAWC061948,GGOEGAWC061950,GGOEGAWC061949"
Google 22 oz Water Bottle,4,"GGOEGAAX0074,9180797,GGOEGDHC018299,GGOEGDHR018499"
"7"" Dog Frisbee",3,"GGOEGAAX0098,GGOEGPJR018999,GGOEGPJC019099"
Google Women's 3/4 Sleeve Baseball Raglan Heather/Black,3,"GGOEGAAX0304,9182737,GGOEGAEA030416"
Google Toddler Tee Fruit Games Lemon,3,"GGOEGAAX0751,GGOEGAXC075128,GGOEGAXC075155"
Google Women's Performance Tee Gunmetal,3,"9183106,GGOEGAAX0729,GGOEGALJ072913"
Android Men's Zip Hoodie,3,"9182575,GGOEAAFB035914,GGOEGAAX0359"
Google Women's Tank Top Light Gray,3,"GGOEGAAX0301,GGOEGAEJ030114,GGOEGAEJ030115"
Google Women's Tank Top,3,"GGOEGAEJ030113,GGOEGAAX0301,GGOEGAEJ030114"
Google Women's Badge Performance Tee Gunmetal,3,"GGOEGALJ060113,GGOEGAAX0601,9182769"
Google Women's Quilted Insulated Vest Pewter,3,"9182767,GGOEGAAX0605,GGOEGATJ060513"
Pet Feeding Mat,3,"9180775,9180774,GGOEGCBN016899"
Android Women's Short Sleeve Tri-blend Badge Tee Light Grey,3,"GGOEAAEJ029313,GGOEAAEJ029314,GGOEGAAX0293"
Android Men's Heavyweight Long Sleeve Badge Tee Black,3,"GGOEAAEB031214,9182707,GGOEGAAX0312"
Android Baby Esssentials Set,3,"GGOEAAWQ063048,GGOEAAWQ063053,GGOEAAWQ063049"
Google Women's Short Sleeve Badge Tee Ice Gray,3,"GGOEGAAX0288,9182647,GGOEGAEJ028813"
Google Men's Performance Badge Tee Gunmetal,3,"9182748,GGOEGAAX0591,GGOEGAAJ059115"
26 oz Double Wall Insulated Bottle,2,"9180793,GGOEGDHQ015399"
Rubber Grip Ballpoint Pen 4 Pack,2,"9180833,GGOEGOAA017199"
Metal Texture Roller Pen,2,"9180838,GGOEGOAB021499"
Maze Pen,2,"9180842,GGOEGGOA017399"
Gunmetal Roller Ball Pen,2,"9180844,GGOEGOAJ021599"
Google Snapback Hat Black,2,"9181573,GGOEGHPB003410"
YouTube RFID Journal,2,"9183211,GGOEYOCR077399"
Google Hard Cover Journal,2,"9183214,GGOEGOCL077699"
Nest® Learning Thermostat 3rd Gen-USA - Stainless Steel,2,"9183234,GGOENEBJ079499"
Google Laptop Tech Backpack,2,"GGOEGBRB073899,9183238"
Suitcase Organizer Cubes,2,"GGOEGCMB020932,9180781"
Google Doodle Decal,2,"GGOEGFKQ020799,9180820"
Yoga Mat,2,"GGOEGAAX0213,9182788"
Android Sticker Sheet Ultra Removable,2,"GGOEAFKQ020599,9180755"
Windup Android,2,"GGOEAKDH019899,9180756"
SPF-15 Lip Balm,2,"GGOEGCBQ016499,9180777"
1 oz Hand Sanitizer,2,"GGOEGCKQ013199,9180779"
Seat Pack Organizer,2,"GGOEGCNB021099,9180782"
Google Laptop and Cell Phone Stickers,2,"GGOEGFKQ020399,9180819"
Compact Selfie Stick,2,"GGOEGFQB013799,9180822"
Foam Can and Bottle Cooler,2,"GGOEGFYQ016599,9180824"
Koozie Can Kooler,2,"GGOEGFYQ016599,9180824"
Google Luggage Tag,2,"GGOEGOBC078699,9183225"
YouTube Luggage Tag,2,"GGOEYOBR078599,9183224"
Crunch Noise Dog Toy,2,"GGOEGPJC203399,9180868"
Large Zipper Top Tote Bag,2,"GGOEGBJB022599,9180761"
Google Tote Bag,2,"GGOEGBJC014399,9180762"
Speed Zone Air Mesh Tote,2,"GGOEGBJC014399,9180762"
Collapsible Shopping Bag,2,"GGOEGBJC019999,9180763"
Google Canvas Tote Natural/Navy,2,"GGOEGBJL013999,9180764"
Reusable Shopping Bag,2,"GGOEGBJR018199,9180765"
Chevron Shopper,2,"GGOEGBJR018199,9180765"
Waterproof Backpack,2,"GGOEGBRA037499,9181139"
Deluge Waterproof Backpack,2,"GGOEGBRA037499,9181139"
Google Laptop Backpack,2,"GGOEGBRB013899,9180769"
Solo Pro Backpack,2,"GGOEGBRB013899,9180769"
Google Alpine Style Backpack,2,"GGOEGBRJ037299,9181137"
Oasis Backpack,2,"GGOEGBRJ037299,9181137"
Google Rucksack,2,"GGOEGBRJ037399,9181138"
Mistral Rucksack,2,"GGOEGBRJ037399,9181138"
Android Baby Essentials Baby Set,2,"GGOEGAAX0630,9182824"
Android Rise 14 oz Mug,2,"GGOEADWQ015699,9180753"
Metal Earbuds with Small Zipper Case,2,"GGOEGEFR024199,9180804"
Micro Wireless Earbud,2,"GGOEGEVA022399,9180814"
Google G Noise-reducing Bluetooth Headphones,2,"GGOEGEVB070599,9183186"
Google Bongo Cupholder Bluetooth Speaker,2,"GGOEGEVB070899,9182999"
Google Pocket Bluetooth Speaker,2,"GGOEGEVB071799,9183000"
Compact Bluetooth Speaker,2,"GGOEGEVJ023999,9180815"
Google Water Resistant Bluetooth Speaker,2,"GGOEGEVR014999,9180816"
Google Men's Weatherblock Shell Jacket Black,2,"GGOEGAAX0566,9182753"
Google Men's Softshell Jacket Black/Grey,2,"GGOEGAAX0567,9182754"
4-in-1 Carabiner Charger,2,"GGOEGEDQ023899,9180803"
Google PowerKit,2,"GGOEGEHB071499,9182998"
Clip-on Compact Charger,2,"GGOEGEHQ024099,9180806"
Google Tube Power Bank,2,"GGOEGETR014599,9180813"
24 oz YouTube Sergeant Stripe Bottle,2,"GGOEYDHJ019399,9180874"
Google Stretch Fit Hat,2,"GGOEGAAX0031,9182732"
Google Women's Weatherblock Shell Jacket Black,2,"GGOEGAAX0575,9182776"
Google Car Clip Phone Holder,2,"GGOEGCBB074199,9182995"
Google Device Stand,2,"GGOEGCBC074299,9182996"
Google Executive Umbrella,2,"GGOEGCVB072399,9183194"
Google Insulated Stainless Steel Bottle,2,"GGOEGDHB072099,9183192"
Google Phone Sanitizer,2,"GGOEGEFQ071399,9183190"
Google Twill Cap,2,"GGOEGHPB071610,9183002"
Red Spiral Google Notebook,2,"GGOEGOCT019199,9180859"
Leather and Metal Ballpoint Pen,2,"GGOEGOAB016099,9180837"
Bic Leather Pen,2,"GGOEGOAB016099,9180837"
Executive Twist Ballpoint Pen,2,"GGOEGOAC016199,9180841"
Pen Pencil & Highlighter Set,2,"GGOEGOAQ018099,9180848"
Ballpoint Stylus Pen,2,"GGOEGOAR013599,9180850"
Leatherette Journal,2,"GGOEGOCB017499,9180854"
Compact Journal with Recycled Pages,2,"GGOEGOCC017699,9180856"
Galaxy Screen Cleaning Cloth,2,"GGOEGOFH020299,9180862"
Badge Holder,2,"GGOEGOXQ016399,9180866"
Android Lunch Kit,2,"GGOEACCQ017299,9180748"
Android 17oz Stainless Steel Sport Bottle,2,"GGOEADHH073999,9182994"
YouTube Twill Cap,2,"GGOEYHPB072210,9183001"
23 oz Wide Mouth Sport Bottle,2,"GGOEGDHC015299,9180785"
20 oz Stainless Steel Insulated Tumbler,2,"GGOEGDHQ014899,9180792"
Nest® Cam Indoor Security Camera - USA,2,"GGOENEBB078899,9183228"
Nest® Protect Smoke + CO Black Battery Alarm-USA,2,"GGOENEBB079299,9183232"
Nest® Learning Thermostat 3rd Gen-USA - Copper,2,"GGOENEBD084799,9184734"
Nest® Cam Outdoor Security Camera - USA,2,"GGOENEBQ078999,9183229"
Nest® Protect Smoke + CO White Battery Alarm-USA,2,"GGOENEBQ079099,9183230"
Gift Card - $250.00,2,"9181150,GGOEGGCX056399"
Waze Pack of 9 Decal Set,2,"9184737,GGOEWCKQ085457"
Android Glass Water Bottle with Black Sleeve,2,"GGOEADHB014799,9180749"
Stadium Cups-Sets of 4,2,"GGOEGDHA018899,9180784"
Gift Card - $25.00,2,"GGOEGGCX056299,9181149"
Grip Kit Cable Organizer,2,"GGOEGEGQ024299,9180805"
Rocket Flashlight,2,"GGOEGESC014099,9180810"
Plastic Sliding Flashlight,2,"GGOEGESQ016799,9180811"
Recycled Mouse Pad,2,"GGOEGODR017799,9180861"
Micro Wireless Earbuds,2,"GGOEGEVA022399,9180814"
ATOM Wireless Earbud Headset,2,"GGOEGEVA022399,9180814"
Aria Bluetooth Speaker,2,"GGOEGEVJ023999,9180815"
Android 25 oz Green Apple Stainless Steel Bottle,2,"GGOEADHH082399,9184679"
Android RFID Journal,2,"GGOEAOCB077499,9183212"
Android 24 oz Button Lid Sport Water Bottle Smoke,2,"9180752,GGOEADHJ015599"
Google Metallic Notebook Set,2,"9180865,GGOEGOLC014299"
Google Leather Journal,2,"9183219,GGOEGAAX0781"
Google Leather Journal-Brown,2,"9183220,GGOEGOCD078199"
Google Leather Journal-Black,2,"9183221,GGOEGOCB078299"
Google 17 oz Double Wall Stainless Steel Insulated Bottle,2,"9184681,GGOEGDHJ082599"
Waze Mobile Phone Vent Mount,2,"GGOEWEBB082699,9184682"
Waze Mood Happy Window Decal,2,"GGOEWFKA083099,9184696"
Waze Mood Original Window Decal,2,"GGOEWFKA083199,9184697"
Google 25 oz Red Stainless Steel Bottle,2,"9184677,GGOEGDHR082199"
BLM Sweatshirt (Pre-Order),2,"GGOEGXXX0845,9184721"
UpCycled Bike Saddle Bag,2,"GGOEGBPB081999,9184675"
UpCycled Handlebar Bag,2,"GGOEGBPB082099,9184676"
Ballpoint Pen & Matching Tube Case,2,"9180834,GGOEGOAB012999"
Android Hard Cover Journal,2,"GGOEA0CH077599,9183213"
Android Stretch Fit Hat L/XL,2,"GGOEAHPJ004415,9181663"
Google Collapsible Duffel Black,2,"GGOEGBMB073599,9183236"
Yoga Mat Blue,2,"GGOEGBRC021399,9180770"
Google 25 oz Blue Stainless Steel Bottle,2,"GGOEGDHC082299,9184678"
Google Stretch Fit Hat S/M Navy,2,"GGOEGHPL003113,9181574"
Waze Dress Socks,2,"GGOEWAEA083899,9184718"
Google Slim Utility Travel Bag,2,"9180767,GGOEGBPB021199"
Google Wool Heather Cap Heather/Navy,2,"9181570,GGOEGHPA003010"
Google Bib Red,2,"9183197,GGOEGKWR060810"
Android Luggage Tag,2,"9183226,GGOEAOBH078799"
Spiral Notebook and Pen Set,2,"9180864,GGOEGOLC013299"
Android Wool Heather Cap Heather/Black,2,"9181572,GGOEAHPA004110"
Blue Keeper Notebook Set with Flap,2,"9180864,GGOEGOLC013299"
Google 17oz Stainless Steel Sport Bottle,2,"9182997,GGOEGDHC074099"
Basecamp Explorer Powerbank Flashlight,2,"9180808,GGOEGESB015099"
Google Trucker Hat,2,"9181140,GGOEGHPA002910"
Aluminum Handy Emergency Flashlight,2,"9182172,GGOEGESC014699"
Google 2200mAh Micro Charger,2,"9183195,GGOEGEHQ072499"
Red Shine 15 oz Mug,2,"9180802,GGOEGDWR015799"
Google Stylus Pen w/ LED Light,2,"9182173,GGOEGOAR013099"
Google Device Holder Sticky Pad,2,"9183203,GGOEGCBB074399"
Grip Highlighter Pen 3 Pack,2,"9180863,GGOEGOGA016299"
Google 5-Panel Snapback Cap,2,"9184626,GGOEGHPB080410"
Android Stretch Fit Hat Black,2,"GGOEGAAX0761,9183202"
Android 5-Panel Low Cap,2,"GGOEAHPB080210,9184624"
Google French Terry Cap,2,"GGOEGHPJ080010,9184622"
Large Recycled Journal/Pen Combo,2,"9180860,GGOEGAAX0081"
Android Spiral Journal with Pen,2,"9183216,GGOEAOCH077899"
Parker Gunmetal CT Ball Pen,2,"9180844,GGOEGOAJ021599"
Gift Card- $100.00,2,"9181148,GGOEGGCX056199"
Google Leather Journal (Black),2,"GGOEGOCB078299,9183221"
Google Accent Insulated Stainless Steel Bottle,2,"9183193,GGOEGDHB072199"
Gift Card - $50.00,2,"9181151,GGOEGGCX056499"
Bic Digital Clic Stic Stylus Pen,2,"9180836,GGOEGOAB015899"
16 oz. Hot and Cold Tumbler,2,"9181142,GGOEGFPR113699"
Set of 3 Packing Cubes,2,"9180781,GGOEGCMB020932"
16 oz. Hot/Cold Tumbler,2,"9181142,GGOEGFPR113699"
Android Journal Book Set,2,"9182174,GGOEAOCH014199"
Google Four Color EDC Flashlight,2,"GGOEGESB015199,9180809"
Nest® Protect Smoke + CO Black Wired Alarm-USA,2,"9183233,GGOENEBB079399"
Google Women's Badge Performance Tee Charcoal,2,"GGOEGAAX0579,9182773"
Google Small Waterproof Duffel,2,"GGOEGBMC056599,9181664"
24 oz USA Made Aluminum Bottle,2,"9180786,GGOEGDHC017999"
Google Blackout Cap,2,"9184625,GGOEGHPJ080310"
Blue Metallic Textured Spiral Notebook Set,2,"9180865,GGOEGOLC014299"
SPF-15 Slim & Slender Lip Balm,2,"9180777,GGOEGCBQ016499"
Android 24 oz Button Lid Sport Water Bottle,2,"GGOEGAAX0127,9180750"
Men's Google S/S  Mesh Performance Tee,2,"GGOEGAPX0467,GGOEGAPX0466"
Powerbank Flashlight,2,"9180808,GGOEGESB015099"
Android 24 oz Button Lid Sport Water Bottle Green,2,"9180751,GGOEADHH015499"
Porcelain Mosaic Mug,2,"10 52048,10 52246"
Google Stretch Fit Hat L/XL Navy,2,"9181576,GGOEGHPL003315"
Compact Eco Journal,2,"9180856,GGOEGOCC017699"
Men's Lotus 1/4 Zip,2,"9182401,GGOEGADX0448"
Bic Tri-Tone Twist Pen,2,"9180841,GGOEGOAC016199"
Google Women's Performance Full Zip Jacket Black,2,"9182772,GGOEGAAX0578"
Google Spiral Leather Journal,2,"9183223,GGOEGOCR078499"
Nest® Learning Thermostat 3rd Gen-USA - White,2,"9184733,GGOENEBQ084699"
Google Leather Perforated Journal,2,"GGOEGOCD078399,9183222"
YouTube Custom Decals,2,"GGOEYFKQ020699,9180875"
8 pc Android Sticker Sheet,2,"GGOEAFKQ020499,9180754"
Straw Beach Mat,2,"GGOEGAYR023499,9180758"
Fashion Sunglasses & Pouch,2,"GGOEGCGB022199,9180778"
Softsided Travel Pouch Set,2,"GGOEGCLB020832,9180780"
Bottle Opener Clip,2,"GGOEGFAQ016699,9180817"
Crunch-It Dog Toy,2,"GGOEGPJC203399,9180868"
Google Lunch Bag,2,"GGOEGBCR024399,9180759"
Electronics Accessory Pouch,2,"GGOEGBFC018799,9180760"
Latitudes Foldaway Shopper,2,"GGOEGBJC019999,9180763"
Google Zipper-front Sports Bag,2,"GGOEGBMB073799,9183205"
Waterpoof Gear Bag,2,"GGOEGBMC056599,9181664"
Waterproof Gear Bag,2,"GGOEGBMC056599,9181664"
Sport Bag,2,"GGOEGBMJ013399,9180766"
Set of 3 Nested Travel Cases,2,"GGOEGCLB020832,9180780"
Google Bluetooth Headphones,2,"GGOEGEVB070499,9183185"
Google Bluetooth Speaker-Power Bank,2,"GGOEGEVB070699,9183187"
Digital Lightshow Smart Speaker and Notification Center,2,"GGOEGEVB071299,9183189"
Google Bib White,2,"GGOEGKWQ060910,9183198"
YouTube Men's Eco-Jersey Henley,2,"GGOEGAAX0351,9182553"
"Google High Capacity 10,400mAh Charger",2,"GGOEGEHQ071199,9183188"
Google 4400mAh Power Bank,2,"GGOEGEHQ072599,9183196"
YouTube Trucker Hat,2,"GGOEYHPA003510,9181152"
YouTube Leatherette Notebook Combo,2,"GGOEYOLR018699,9180876"
Google 40 oz Insulated Monster Bottle,2,"GGOEGDHB071999,9183191"
Keyboard DOT Sticker,2,"GGOEGFKA022299,9180818"
PaperMate Ink Joy Pen,2,"GGOEGOAB021699,9180839"
Satin Black Ballpoint Pen,2,"GGOEGOAB022499,9180840"
PaperMate Ink Joy Retractable Pen,2,"GGOEGOAR021899,9180851"
Android Cool Gear Lunch To Go,2,"GGOEACCQ017299,9180748"
Android Twill Cap,2,"GGOEAHPJ074410,9183204"
YouTube Wool Heather Cap Heather/Black,2,"GGOEYHPA003610,9181571"
Nest® Protect Smoke + CO White Wired Alarm-USA,2,"GGOENEBQ079199,9183231"
Yoga Block,2,"9180757,GGOEGACB023699"
Yoga Mat Purple,2,"9180771,GGOEGBRP037599"
Engraved Ceramic Google Mug,2,"9180801,GGOEGDWC020199"
Google Flashlight,2,"GGOEGESB015199,9180809"
PowerClip Lightning Charger,2,"GGOEGEHQ024099,9180806"
UFO Bluetooth Water Resistant Speaker,2,"GGOEGEVR014999,9180816"
Google Canvas Tote Fruit Games Lemon,2,"GGOEGBJC076099,9182979"
Nest® Learning Thermostat 3rd Gen - CA - Stainless Steel,2,"GGOENEBJ081899,9184614"
Google RFID Journal,2,"GGOEGOCC077299,9183210"
Google Collapsible Duffel Blue,2,"GGOEGBMC073699,9183237"
Google 25 oz Clear Stainless Steel Bottle,2,"GGOEGDHG082499,9184680"
Google 5-Panel Cap,2,"GGOEGHPJ080110,9184623"
Nest® Protect Smoke + CO White Battery Alarm - CA,2,"GGOENEBQ081699,9184616"
Waze Baby on Board Window Decal,2,"GGOEWFKA082999,9184695"
Waze Mood Ninja Window Decal,2,"GGOEWFKA083299,9184698"
Google Collapsible Duffel,2,"9183235,GGOEGAAX0735"
Google Sports Bag,2,"GGOEGBMJ013399,9180766"
Google Stretch Fit Hat M/L Navy,2,"GGOEGHPL003214,9181575"
YouTube Sticker Sheet,2,"GGOEYFKQ020699,10 51122"
Android Stretch Fit Hat Charcoal,2,"GGOEGAAX0042,9182706"
Google Magnetic Mini Flood Flashlight,2,"GGOEGESQ016799,9180811"