productSKU,product_count,product_name
9181664,3,"Waterproof Gear Bag,Google Small Waterproof Duffel,Waterpoof Gear Bag"
GGOEGCLB020832,3,"Softsided Travel Pouch Set,Set of 3 Nested Travel Cases,BRIGHTtravels Set of 3 Nested Travel Cases"
GGOEGAAX0098,3,"7"" Dog Frisbee,7&quot; Dog Frisbee,Google 7-inch Dog Flying Disc"
GGOENEBJ079499,3,"Nest® Learning Thermostat 3rd Gen-USA - Stainless Steel,Nest庐 Learning Thermostat 3rd Gen-USA - Stainless Steel,Nest® Learning Thermostat 3rd Gen-USA"
9180752,3,"Android 24 oz Button Lid Sport Water Bottle Smoke,Android 24 oz Contigo Addison,Android 24 oz Contigo Bottle"
GGOEADHH015499,3,"Android 24 oz Contigo Addison,Android 24 oz Contigo Bottle,Android 24 oz Button Lid Sport Water Bottle Green"
GGOEGPJC019099,3,"7&quot; Dog Frisbee,Google 7-inch Dog Flying Disc Blue,7"" Dog Frisbee"
GGOEYAEJ029013,3,"YouTube Women's S/S Crew Tee,YouTube Women's Short Sleeve Hero Tee Charcoal,YouTube Women's Short Sleeve Crew Tee"
GGOEYAEJ029015,3,"YouTube Women's Short Sleeve Hero Tee Charcoal,YouTube Women's Short Sleeve Crew Tee,YouTube Women's S/S Crew Tee"
9180751,3,"Android 24 oz Contigo Bottle,Android 24 oz Contigo Addison,Android 24 oz Button Lid Sport Water Bottle Green"
9180814,3,"Micro Wireless Earbud,Micro Wireless Earbuds,ATOM Wireless Earbud Headset"
GGOEGBMC056599,3,"Google Small Waterproof Duffel,Waterproof Gear Bag,Waterpoof Gear Bag"
GGOEGPJR018999,3,"7"" Dog Frisbee,7&quot; Dog Frisbee,Google 7-inch Dog Flying Disc Red"
GGOEYAEJ029014,3,"YouTube Women's S/S Crew Tee,YouTube Women's Short Sleeve Hero Tee Charcoal,YouTube Women's Short Sleeve Crew Tee"
GGOEGEVA022399,3,"Micro Wireless Earbud,Micro Wireless Earbuds,ATOM Wireless Earbud Headset"
GGOEADHJ015599,3,"Android 24 oz Contigo Bottle,Android 24 oz Contigo Addison,Android 24 oz Button Lid Sport Water Bottle Smoke"
GGOEYAEJ029016,3,"YouTube Women's Short Sleeve Hero Tee Charcoal,YouTube Women's S/S Crew Tee,YouTube Women's Short Sleeve Crew Tee"
9180824,2,"Foam Can and Bottle Cooler,Koozie Can Kooler"
9182569,2,"Google Men's  Zip Hoodie,Google Men's Zip Hoodie"
9182593,2,"Google Men's Pullover Hoodie Grey,Google Men's Pullover Hoodie"
9182658,2,"Google Women's Short Sleeve Hero Tee Sky Blue,Google Women's Short Sleeve Shirt Blue"
9183234,2,"Nest® Learning Thermostat 3rd Gen-USA - Stainless Steel,Nest® Learning Thermostat 3rd Gen-USA"
GGOEGAAX0231,2,"Collapsible Pet Bowl,Google Collapsible Pet Bowl"
GGOEYFKQ020699,2,"YouTube Custom Decals,YouTube Sticker Sheet"
GGOEGBJC014399,2,"Google Tote Bag,Speed Zone Air Mesh Tote"
GGOEGBJC019999,2,"Latitudes Foldaway Shopper,Collapsible Shopping Bag"
GGOEGBJR018199,2,"Chevron Shopper,Reusable Shopping Bag"
GGOEGBRJ037299,2,"Google Alpine Style Backpack,Oasis Backpack"
GGOEGBRJ037399,2,"Mistral Rucksack,Google Rucksack"
GGOEGCMB020932,2,"Set of 3 Packing Cubes,Suitcase Organizer Cubes"
GGOEGEVJ023999,2,"Compact Bluetooth Speaker,Aria Bluetooth Speaker"
GGOEGEVR014999,2,"Google Water Resistant Bluetooth Speaker,UFO Bluetooth Water Resistant Speaker"
GGOEGAAX0307,2,"Google Men's 3/4 Sleeve Raglan Henley Grey,Google 3/4 Sleeve Raglan Henley Grey"
GGOEGAAX0311,2,"Google Heavyweight Long Sleeve Hero Tee Navy,Google Men's Heavyweight Long Sleeve Hero Tee Navy"
GGOEGAAX0312,2,"Android Heavyweight Long Sleeve Badge Tee Black,Android Men's Heavyweight Long Sleeve Badge Tee Black"
GGOEGAAX0327,2,"Google Men's Skater Tee Grey,Google Men's Long & Lean Tee Grey"
GGOEGAAX0328,2,"Google Men's Skater Tee Charcoal,Google Men's Long & Lean Tee Charcoal"
GGOEGAAX0329,2,"Android Men's Skater Badge Tee Charcoal,Android Men's Long & Lean Badge Tee Charcoal"
GGOEGAAX0331,2,"Google Long Sleeve Raglan Badge Henley Ocean Blue,Google Men's Long Sleeve Raglan Ocean Blue"
GGOEGAAX0332,2,"Google Men's Long Sleeve Baseball Raglan Cranberry,Google Men's Long Sleeve Raglan Cranberry"
GGOEGAAX0333,2,"Google Men's Long Sleeve Pullover Crew Tee Heather,Google Men's Long Sleeve Pullover Badge Tee Heather"
GGOEGAAX0348,2,"Android BTTF Cosmos Shirt,Android BTTF Cosmos Graphic Tee"
GGOEGAAX0351,2,"YouTube Men's Eco-Jersey Henley,YouTube Men's Vintage Henley"
GGOEGAAX0359,2,"Android Men's  Zip Hoodie,Android Men's Zip Hoodie"
GGOEGAAX0589,2,"Google Men's Short Sleeve Performance Badge Tee Black,Google Men's Performance Badge Tee Black"
GGOEGAAX0591,2,"Google Men's Short Sleeve Performance Badge Tee Pewter,Google Men's Performance Badge Tee Gunmetal"
GGOEGEHQ024099,2,"Clip-on Compact Charger,PowerClip Lightning Charger"
GGOEGETR014599,2,"Google Tube Power Bank,Google Power Bank"
GGOEGAAX0127,2,"Android 24 oz Contigo Bottle,Android 24 oz Button Lid Sport Water Bottle"
GGOEGAAX0290,2,"YouTube Women's Short Sleeve Crew Tee,YouTube Women's Short Sleeve Hero Tee Charcoal"
GGOEGAAX0305,2,"YouTube Womens 3/4 Sleeve Baseball Raglan White/Black,YouTube Women's 3/4 Sleeve Baseball Raglan White/Black"
GGOEADWQ015699,2,"Android Rise 14 oz Mug,Android 14 oz Mug White/Green"
GGOEYDHJ056099,2,"22 oz YouTube Bottle Infuser,YouTube 22 oz Infuser Bottle"
GGOEGAAX0286,2,"Google Women's Short Sleeve V-Neck Tee Black,Google Women's Short Sleeve Hero V-Neck Tee Black"
GGOEGAAX0291,2,"Google Women's Short Sleeve Shirt Blue,Google Women's Short Sleeve Hero Tee Sky Blue"
GGOEGAAX0301,2,"Google Women's Tank Top,Google Women's Tank Top Light Gray"
GGOEGAAX0599,2,"Google Women's Short Sleeve Performance Tee Black,Google Women's Badge Performance Tee Black"
GGOEGAAX0600,2,"Google Women's Short Sleeve Performance Tee Navy,Google Women's Badge Performance Tee Navy"
GGOEGAAX0601,2,"Google Women's Short Sleeve Performance Tee Pewter,Google Women's Badge Performance Tee Gunmetal"
GGOEGAAX0605,2,"Google Women's Quilted Insulated Vest White,Google Women's Quilted Insulated Vest Pewter"
GGOEGAAX0729,2,"Google Women's Performance Tee Gunmetal,Google Women's Performance Hero Tee Gunmetal"
GGOEGOCT019199,2,"Red Spiral Google Notebook,Google Red Spiral Notebook"
GGOEGAAX0081,2,"Large Recycled Journal/Pen Combo,Recycled Paper Journal Set"
GGOEGOAB015899,2,"Rainbow Stylus Pen,Bic Digital Clic Stic Stylus Pen"
GGOEGOAB016099,2,"Bic Leather Pen,Leather and Metal Ballpoint Pen"
GGOEGOAB021699,2,"Google Ballpoint Pen Black,PaperMate Ink Joy Pen"
GGOEGOAC016199,2,"Executive Twist Ballpoint Pen,Bic Tri-Tone Twist Pen"
GGOEGOAC021799,2,"Ballpoint Pen Blue,PaperMate Ink Joy RT Pen"
GGOEGOAQ015999,2,"Bic Intensity Clic Gel Pen,Gel Roller Pen"
GGOEGOAQ020099,2,"Four Color Retractable Pen,Quatro Retractable Pen"
GGOEGOAR021899,2,"Retractable Ballpoint Pen Red,PaperMate Ink Joy Retractable Pen"
GGOEGOBG023599,2,"Colored Pencil Set,Colored Pencil Set with Sharpener"
GGOEGOCC017699,2,"Compact Journal with Recycled Pages,Compact Eco Journal"
GGOEGOFH020299,2,"Galaxy Screen Cleaning Cloth,Screen Cleaning Cloth"
GGOEGOGA016299,2,"Grip Highlighter Pen 3 Pack,Grip Highlighter Pen (3 pack)"
GGOEGOLC013299,2,"Spiral Notebook and Pen Set,Blue Keeper Notebook Set with Flap"
GGOEGOXQ016399,2,"Badge Holder,Google Badge Pull"
GGOEGAAX0042,2,"Android Stretch Fit Hat,Android Stretch Fit Hat Charcoal"
GGOEACCQ017299,2,"Android Lunch Kit,Android Cool Gear Lunch To Go"
GGOEGAAX0074,2,"Google 22 oz Water Bottle,22 oz Mini Mountain Bottle"
GGOENEBB079399,2,"Nest® Protect Smoke + CO Black Wired Alarm-USA,Nest庐 Protect Smoke + CO Black Wired Alarm-USA"
GGOENEBQ078999,2,"Nest® Cam Outdoor Security Camera - USA,Nest庐 Cam Outdoor Security Camera - USA"
GGOENEBQ079099,2,"Nest® Protect Smoke + CO White Battery Alarm-USA,Nest庐 Protect Smoke + CO White Battery Alarm-USA"
GGOENEBQ079199,2,"Nest® Protect Smoke + CO White Wired Alarm-USA,Nest庐 Protect Smoke + CO White Wired Alarm-USA"
9180769,2,"Google Laptop Backpack,Solo Pro Backpack"
9181137,2,"Google Alpine Style Backpack,Oasis Backpack"
9181138,2,"Mistral Rucksack,Google Rucksack"
GGOEGESQ016799,2,"Plastic Sliding Flashlight,Google Magnetic Mini Flood Flashlight"
GGOEGAAX0340,2,"Google Men's Vintage Badge Tee Sage,Google Men's Vintage Badge Tee Green"
9182653,2,"Google Women's Short Sleeve Shirt Dark Grey,Google Women's Short Sleeve Hero Dark Grey"
GGOEAAFB035914,2,"Android Men's  Zip Hoodie,Android Men's Zip Hoodie"
GGOEGAAB058916,2,"Google Men's Short Sleeve Performance Badge Tee Black,Google Men's Performance Badge Tee Black"
GGOEGAAH034015,2,"Google Men's Vintage Badge Tee Sage,Google Men's Vintage Badge Tee Green"
GGOEGAAJ032817,2,"Google Men's Skater Tee Charcoal,Google Men's Long & Lean Tee Charcoal"
GGOEGAEB028614,2,"Google Women's Short Sleeve Hero V-Neck Tee Black,Google Women's Short Sleeve V-Neck Tee Black"
GGOEGAEC033114,2,"Google Men's Long Sleeve Raglan Ocean Blue,Google Long Sleeve Raglan Badge Henley Ocean Blue"
GGOEGAEJ030714,2,"Google Men's 3/4 Sleeve Raglan Henley Grey,Google 3/4 Sleeve Raglan Henley Grey"
GGOEGAEJ033314,2,"Google Men's Long Sleeve Pullover Crew Tee Heather,Google Men's Long Sleeve Pullover Badge Tee Heather"
GGOEGAEJ033316,2,"Google Men's Long Sleeve Pullover Badge Tee Heather,Google Men's Long Sleeve Pullover Crew Tee Heather"
GGOEGAEL031113,2,"Google Heavyweight Long Sleeve Hero Tee Navy,Google Men's Heavyweight Long Sleeve Hero Tee Navy"
GGOEGAFB035814,2,"Google Men's  Zip Hoodie,Google Men's Zip Hoodie"
GGOEGAFB035815,2,"Google Men's  Zip Hoodie,Google Men's Zip Hoodie"
GGOEGAFJ036215,2,"Google Men's Pullover Hoodie,Google Men's Pullover Hoodie Grey"
GGOEGALB059914,2,"Google Women's Short Sleeve Performance Tee Black,Google Women's Badge Performance Tee Black"
GGOEGALJ034414,2,"Google Women's Vintage Hero Tee Platinum,Google Women's Short Sleeve V-Neck Tee Stone"
GGOEGALJ034415,2,"Google Women's Vintage Hero Tee Platinum,Google Women's Short Sleeve V-Neck Tee Stone"
GGOEGALP034315,2,"Google Women's Vintage Hero Tee Lavender,Google Women's Short Sleeve V-Neck Tee Lavender"
GGOEGALP036315,2,"Google Women's Long Sleeve Tee Lavender,Google Women's Tee Purple"
GGOEGALQ034217,2,"Google Women's Vintage Hero Tee White,Google Women's Hero V-Neck Tee White"
GGOEGATJ060513,2,"Google Women's Quilted Insulated Vest White,Google Women's Quilted Insulated Vest Pewter"
GGOEGDHC018299,2,"Google 22 oz Water Bottle,22 oz Mini Mountain Bottle"
GGOEGDHR018499,2,"Google 22 oz Water Bottle,22 oz Mini Mountain Bottle"
GGOEGHGC019799,2,"Google Sunglasses,Google Sunglasses Blue"
GGOEGHGR019499,2,"Google Sunglasses,Google Sunglasses Red"
GGOEGOCB078299,2,"Google Leather Journal-Black,Google Leather Journal (Black)"
GGOEGXXX0845,2,"BLM Sweatshirt (Pre-Order),BLM Sweatshirt"
9180865,2,"Google Metallic Notebook Set,Blue Metallic Textured Spiral Notebook Set"
9182663,2,"Google Women's Short Sleeve Badge Tee Red Heather,Google Women's Short Sleeve Shirt Red"
9182736,2,"Google Men's Heavyweight Long Sleeve Hero Tee Navy,Google Heavyweight Long Sleeve Hero Tee Navy"
GGOEAAAB034813,2,"Android BTTF Cosmos Graphic Tee,Android BTTF Cosmos Shirt"
GGOEAAAB034814,2,"Android BTTF Cosmos Graphic Tee,Android BTTF Cosmos Shirt"
GGOEAAAB034815,2,"Android BTTF Cosmos Graphic Tee,Android BTTF Cosmos Shirt"
GGOEAAAB034816,2,"Android BTTF Cosmos Graphic Tee,Android BTTF Cosmos Shirt"
GGOEAAAB034913,2,"Android BTTF Moonshot Shirt,Android BTTF Moonshot Graphic Tee"
GGOEAAAJ032913,2,"Android Men's Long & Lean Badge Tee Charcoal,Android Men's Skater Badge Tee Charcoal"
GGOEAAAJ032914,2,"Android Men's Skater Badge Tee Charcoal,Android Men's Long & Lean Badge Tee Charcoal"
GGOEAAAJ032917,2,"Android Men's Skater Badge Tee Charcoal,Android Men's Long & Lean Badge Tee Charcoal"
GGOEGAAB058913,2,"Google Men's Short Sleeve Performance Badge Tee Black,Google Men's Performance Badge Tee Black"
GGOEGAAB058915,2,"Google Men's Short Sleeve Performance Badge Tee Black,Google Men's Performance Badge Tee Black"
GGOEGAAH034013,2,"Google Men's Vintage Badge Tee Green,Google Men's Vintage Badge Tee Sage"
GGOEGAAH034016,2,"Google Men's Vintage Badge Tee Sage,Google Men's Vintage Badge Tee Green"
GGOEGAAH034017,2,"Google Men's Vintage Badge Tee Sage,Google Men's Vintage Badge Tee Green"
GGOEGAAJ032714,2,"Google Men's Skater Tee Grey,Google Men's Long & Lean Tee Grey"
GGOEGAAJ032715,2,"Google Men's Long & Lean Tee Grey,Google Men's Skater Tee Grey"
GGOEGAAJ032717,2,"Google Men's Skater Tee Grey,Google Men's Long & Lean Tee Grey"
GGOEGAAJ032813,2,"Google Men's Skater Tee Charcoal,Google Men's Long & Lean Tee Charcoal"
GGOEGAAJ032815,2,"Google Men's Skater Tee Charcoal,Google Men's Long & Lean Tee Charcoal"
GGOEGAAJ032816,2,"Google Men's Long & Lean Tee Charcoal,Google Men's Skater Tee Charcoal"
GGOEGAAL059014,2,"Google Men's Short Sleeve Performance Badge Tee Navy,Google Men's Performance Badge Tee Navy"
GGOEGAEA030416,2,"Google Womens 3/4 Sleeve Baseball Raglan Heather/Black,Google Women's 3/4 Sleeve Baseball Raglan Heather/Black"
GGOEGAEB028615,2,"Google Women's Short Sleeve V-Neck Tee Black,Google Women's Short Sleeve Hero V-Neck Tee Black"
GGOEGAEB028616,2,"Google Women's Short Sleeve V-Neck Tee Black,Google Women's Short Sleeve Hero V-Neck Tee Black"
GGOEGAEC029114,2,"Google Women's Short Sleeve Hero Tee Sky Blue,Google Women's Short Sleeve Shirt Blue"
GGOEGAEC033117,2,"Google Men's Long Sleeve Raglan Ocean Blue,Google Long Sleeve Raglan Badge Henley Ocean Blue"
GGOEGAEE031016,2,"Google Men's Heavyweight Long Sleeve Hero Tee Burgundy,Google Heavyweight Long Sleeve Hero Tee Burgundy"
GGOEGAEJ028913,2,"Google Women's Short Sleeve Shirt Dark Grey,Google Women's Short Sleeve Hero Dark Grey"
GGOEGAEJ028914,2,"Google Women's Short Sleeve Shirt Dark Grey,Google Women's Short Sleeve Hero Dark Grey"
GGOEGAEJ030713,2,"Google Men's 3/4 Sleeve Raglan Henley Grey,Google 3/4 Sleeve Raglan Henley Grey"
GGOEGAEJ033313,2,"Google Men's Long Sleeve Pullover Badge Tee Heather,Google Men's Long Sleeve Pullover Crew Tee Heather"
GGOEGAEJ033315,2,"Google Men's Long Sleeve Pullover Badge Tee Heather,Google Men's Long Sleeve Pullover Crew Tee Heather"
GGOEGAEL031114,2,"Google Men's Heavyweight Long Sleeve Hero Tee Navy,Google Heavyweight Long Sleeve Hero Tee Navy"
GGOEGAEL031115,2,"Google Heavyweight Long Sleeve Hero Tee Navy,Google Men's Heavyweight Long Sleeve Hero Tee Navy"
GGOEGAER029215,2,"Google Women's Short Sleeve Shirt Red,Google Women's Short Sleeve Badge Tee Red Heather"
GGOEGAER033214,2,"Google Men's Long Sleeve Raglan Cranberry,Google Men's Long Sleeve Baseball Raglan Cranberry"
GGOEGAFJ036216,2,"Google Men's Pullover Hoodie Grey,Google Men's Pullover Hoodie"
GGOEGALB034115,2,"Google Women's Vintage Hero Tee Black,Google Women's Vintage T-Shirt Black"
GGOEGALB034116,2,"Google Women's Vintage T-Shirt Black,Google Women's Vintage Hero Tee Black"
GGOEGALB034117,2,"Google Women's Vintage T-Shirt Black,Google Women's Vintage Hero Tee Black"
GGOEGALB059913,2,"Google Women's Short Sleeve Performance Tee Black,Google Women's Badge Performance Tee Black"
GGOEGALJ034413,2,"Google Women's Short Sleeve V-Neck Tee Stone,Google Women's Vintage Hero Tee Platinum"
GGOEGALL060014,2,"Google Women's Short Sleeve Performance Tee Navy,Google Women's Badge Performance Tee Navy"
GGOEGALP034316,2,"Google Women's Vintage Hero Tee Lavender,Google Women's Short Sleeve V-Neck Tee Lavender"
GGOEGALP036314,2,"Google Women's Long Sleeve Tee Lavender,Google Women's Tee Purple"
GGOEGALP036317,2,"Google Women's Long Sleeve Tee Lavender,Google Women's Tee Purple"
GGOEGALQ034214,2,"Google Women's Hero V-Neck Tee White,Google Women's Vintage Hero Tee White"
GGOEGOCR017899,2,"Eco-Aware Recycled Journal Combo,Recycled Paper Journal Set"
GGOEGPXR023199,2,"Google Collapsible Pet Bowl,Collapsible Pet Bowl"
GGOEYAAJ033014,2,"YouTube Men's Long & Lean Tee Charcoal,YouTube Men's Skater Tee Charcoal"
GGOEAAAB034914,2,"Android BTTF Moonshot Shirt,Android BTTF Moonshot Graphic Tee"
GGOEGAAJ032716,2,"Google Men's Long & Lean Tee Grey,Google Men's Skater Tee Grey"
GGOEGAEC029116,2,"Google Women's Short Sleeve Hero Tee Sky Blue,Google Women's Short Sleeve Shirt Blue"
GGOEGAEC033116,2,"Google Long Sleeve Raglan Badge Henley Ocean Blue,Google Men's Long Sleeve Raglan Ocean Blue"
GGOEGAEJ030114,2,"Google Women's Tank Top,Google Women's Tank Top Light Gray"
GGOEGAEJ033317,2,"Google Men's Long Sleeve Pullover Badge Tee Heather,Google Men's Long Sleeve Pullover Crew Tee Heather"
GGOEGAER029214,2,"Google Women's Short Sleeve Shirt Red,Google Women's Short Sleeve Badge Tee Red Heather"
GGOEGALJ034417,2,"Google Women's Vintage Hero Tee Platinum,Google Women's Short Sleeve V-Neck Tee Stone"
GGOEGALJ060113,2,"Google Women's Badge Performance Tee Gunmetal,Google Women's Short Sleeve Performance Tee Pewter"
GGOEGALQ034215,2,"Google Women's Hero V-Neck Tee White,Google Women's Vintage Hero Tee White"
GGOEYAAJ033015,2,"YouTube Men's Skater Tee Charcoal,YouTube Men's Long & Lean Tee Charcoal"
9180750,2,"Android 24 oz Contigo Bottle,Android 24 oz Button Lid Sport Water Bottle"
9180864,2,"Spiral Notebook and Pen Set,Blue Keeper Notebook Set with Flap"
9181139,2,"Waterproof Backpack,Deluge Waterproof Backpack"
9184721,2,"BLM Sweatshirt,BLM Sweatshirt (Pre-Order)"
9180763,2,"Collapsible Shopping Bag,Latitudes Foldaway Shopper"
9182726,2,"Google Men's Long & Lean Tee Charcoal,Google Men's Skater Tee Charcoal"
9180905,2,"Google Long Sleeve Raglan Badge Henley Ocean Blue,Google Men's Long Sleeve Raglan Ocean Blue"
9182706,2,"Android Stretch Fit Hat,Android Stretch Fit Hat Charcoal"
9183106,2,"Google Women's Performance Tee Gunmetal,Google Women's Performance Hero Tee Gunmetal"
9180815,2,"Compact Bluetooth Speaker,Aria Bluetooth Speaker"
9180816,2,"Google Water Resistant Bluetooth Speaker,UFO Bluetooth Water Resistant Speaker"
9182735,2,"Google Men's Heavyweight Long Sleeve Hero Tee Burgundy,Google Heavyweight Long Sleeve Hero Tee Burgundy"
9180766,2,"Google Sports Bag,Sport Bag"
GGOEGAAX0289,2,"Google Women's Short Sleeve Hero Dark Grey,Google Women's Short Sleeve Shirt Dark Grey"
GGOEGAAX0358,2,"Google Men's Zip Hoodie,Google Men's  Zip Hoodie"
GGOEGAAX0362,2,"Google Men's Pullover Hoodie Grey,Google Men's Pullover Hoodie"
GGOEAFKQ020499,2,"8pc Android Sticker Sheet,8 pc Android Sticker Sheet"
GGOEGDHC017999,2,"24 oz Alumnium Go Bottle (Made in the USA),24 oz USA Made Aluminum Bottle"
GGOEGDWR015799,2,"15 oz Ceramic Mug,Red Shine 15 oz Mug"
GGOEYOLR018699,2,"YouTube Notebook Set,YouTube Leatherette Notebook Combo"
GGOEAAAJ032916,2,"Android Men's Long & Lean Badge Tee Charcoal,Android Men's Skater Badge Tee Charcoal"
GGOEGAAJ059115,2,"Google Men's Performance Badge Tee Gunmetal,Google Men's Short Sleeve Performance Badge Tee Pewter"
GGOEGAAJ073013,2,"Google Men's Performance Hero Tee Gunmetal,Google Men's Performance Tee Gunmetal"
GGOEGAEJ030715,2,"Google 3/4 Sleeve Raglan Henley Grey,Google Men's 3/4 Sleeve Raglan Henley Grey"
GGOEGAEL031117,2,"Google Men's Heavyweight Long Sleeve Hero Tee Navy,Google Heavyweight Long Sleeve Hero Tee Navy"
GGOEGHGH019699,2,"Google Sunglasses Green,Google Sunglasses"
9180860,2,"Large Recycled Journal/Pen Combo,Recycled Paper Journal Set"
9182768,2,"Google Women's Short Sleeve Performance Tee Black,Google Women's Badge Performance Tee Black"
9182769,2,"Google Women's Short Sleeve Performance Tee Pewter,Google Women's Badge Performance Tee Gunmetal"
9182714,2,"Google Long Sleeve Raglan Badge Henley Ocean Blue,Google Men's Long Sleeve Raglan Ocean Blue"
9180762,2,"Google Tote Bag,Speed Zone Air Mesh Tote"
9180780,2,"Softsided Travel Pouch Set,Set of 3 Nested Travel Cases"
9182575,2,"Android Men's Zip Hoodie,Android Men's  Zip Hoodie"
GGOEGAEJ028917,2,"Google Women's Short Sleeve Shirt Dark Grey,Google Women's Short Sleeve Hero Dark Grey"
GGOEGALB059915,2,"Google Women's Short Sleeve Performance Tee Black,Google Women's Badge Performance Tee Black"
GGOEYAAQ031717,2,"YouTube Men's Short Sleeve Hero Tee  White,YouTube Men's Short Sleeve Hero Tee White"
9180868,2,"Crunch Noise Dog Toy,Crunch-It Dog Toy"
9180777,2,"SPF-15 Slim & Slender Lip Balm,SPF-15 Lip Balm"
9180748,2,"Android Cool Gear Lunch To Go,Android Lunch Kit"
9180856,2,"Compact Journal with Recycled Pages,Compact Eco Journal"
GGOEGBMJ013399,2,"Google Sports Bag,Sport Bag"
9180809,2,"Google Four Color EDC Flashlight,Google Flashlight"
GGOEGESC014099,2,"Carabiner Flashlight,Rocket Flashlight"
GGOEGESC014699,2,"Aluminum Emergency Flashlight,Aluminum Handy Emergency Flashlight"
GGOEGAAX0590,2,"Google Men's Performance Badge Tee Navy,Google Men's Short Sleeve Performance Badge Tee Navy"
9182747,2,"Google Men's Short Sleeve Performance Badge Tee Black,Google Men's Performance Badge Tee Black"
9182749,2,"Google Men's Short Sleeve Performance Badge Tee Navy,Google Men's Performance Badge Tee Navy"
9182725,2,"Google Men's Skater Tee Grey,Google Men's Long & Lean Tee Grey"
9182767,2,"Google Women's Quilted Insulated Vest Pewter,Google Women's Quilted Insulated Vest White"
GGOEGAEE031015,2,"Google Men's Heavyweight Long Sleeve Hero Tee Burgundy,Google Heavyweight Long Sleeve Hero Tee Burgundy"
GGOEGAAJ073016,2,"Google Men's Performance Tee Gunmetal,Google Men's Performance Hero Tee Gunmetal"
9181142,2,"16 oz. Hot/Cold Tumbler,16 oz. Hot and Cold Tumbler"
GGOEGAAJ073014,2,"Google Men's Performance Tee Gunmetal,Google Men's Performance Hero Tee Gunmetal"
GGOEGAAJ073017,2,"Google Men's Performance Tee Gunmetal,Google Men's Performance Hero Tee Gunmetal"
GGOEGALQ034216,2,"Google Women's Hero V-Neck Tee White,Google Women's Vintage Hero Tee White"
9180811,2,"Google Magnetic Mini Flood Flashlight,Plastic Sliding Flashlight"
9180765,2,"Reusable Shopping Bag,Chevron Shopper"
9182770,2,"Google Women's Badge Performance Tee Navy,Google Women's Short Sleeve Performance Tee Navy"
GGOEGALP036313,2,"Google Women's Tee Purple,Google Women's Long Sleeve Tee Lavender"
9180808,2,"Powerbank Flashlight,Basecamp Explorer Powerbank Flashlight"
GGOEGALJ072913,2,"Google Women's Performance Tee Gunmetal,Google Women's Performance Hero Tee Gunmetal"
GGOEGAER029217,2,"Google Women's Short Sleeve Badge Tee Red Heather,Google Women's Short Sleeve Shirt Red"
GGOEAAEB031214,2,"Android Men's Heavyweight Long Sleeve Badge Tee Black,Android Heavyweight Long Sleeve Badge Tee Black"
GGOEAAEJ029314,2,"Android Women's Short Sleeve Tri-blend Badge Tee Light Grey,Android Women's Short Sleeve Badge Tee Light Charcoal"
GGOEGALP034317,2,"Google Women's Short Sleeve V-Neck Tee Lavender,Google Women's Vintage Hero Tee Lavender"
GGOEGAER033213,2,"Google Men's Long Sleeve Baseball Raglan Cranberry,Google Men's Long Sleeve Raglan Cranberry"
GGOEGAAL059016,2,"Google Men's Performance Badge Tee Navy,Google Men's Short Sleeve Performance Badge Tee Navy"
GGOENEBB078899,2,"Nest庐 Cam Indoor Security Camera - USA,Nest® Cam Indoor Security Camera - USA"
9180781,2,"Suitcase Organizer Cubes,Set of 3 Packing Cubes"
9183220,2,"Google Leather Journal-Brown,Google Leather Journal (Brown)"
GGOEGAAX0330,2,"YouTube Men's Skater Tee Charcoal,YouTube Men's Long & Lean Tee Charcoal"
GGOEGBRA037499,2,"Waterproof Backpack,Deluge Waterproof Backpack"
GGOEGCBQ016499,2,"SPF-15 Slim & Slender Lip Balm,SPF-15 Lip Balm"
GGOEGFSR022099,2,"Google Kick Ball,Kick Ball"
GGOEGFYQ016599,2,"Foam Can and Bottle Cooler,Koozie Can Kooler"
GGOEGKAA019299,2,"Switch Tone Color Crayon Pen,Pop-a-Point Crayon"
GGOEGPJC203399,2,"Crunch Noise Dog Toy,Crunch-It Dog Toy"
GGOEGBRB013899,2,"Google Laptop Backpack,Solo Pro Backpack"
GGOEGAAX0310,2,"Google Heavyweight Long Sleeve Hero Tee Burgundy,Google Men's Heavyweight Long Sleeve Hero Tee Burgundy"
GGOEGAAX0349,2,"Android BTTF Moonshot Shirt,Android BTTF Moonshot Graphic Tee"
GGOEGAAX0730,2,"Google Men's Performance Tee Gunmetal,Google Men's Performance Hero Tee Gunmetal"
GGOEYDHJ019399,2,"24 oz YouTube Sergeant Stripe Bottle,YouTube 24 oz Stripe Accent Bottle"
GGOEGAAX0293,2,"Android Women's Short Sleeve Tri-blend Badge Tee Light Grey,Android Women's Short Sleeve Badge Tee Light Charcoal"
GGOEADHH055999,2,"22 oz Android Bottle,Android 22 oz Water Bottle Green"
GGOEGAAX0285,2,"Google  Women's Muscle Tee,Google Women's Muscle Tee Heather"
GGOEGAAX0288,2,"Google Women's Short Sleeve Shirt Light Grey,Google Women's Short Sleeve Badge Tee Ice Gray"
GGOEGAAX0292,2,"Google Women's Short Sleeve Shirt Red,Google Women's Short Sleeve Badge Tee Red Heather"
GGOEGAAX0341,2,"Google Women's Vintage T-Shirt Black,Google Women's Vintage Hero Tee Black"
GGOEGAAX0342,2,"Google Women's Hero V-Neck Tee White,Google Women's Vintage Hero Tee White"
GGOEGAAX0343,2,"Google Women's Short Sleeve V-Neck Tee Lavender,Google Women's Vintage Hero Tee Lavender"
GGOEGAAX0344,2,"Google Women's Short Sleeve V-Neck Tee Stone,Google Women's Vintage Hero Tee Platinum"
GGOEGAAX0363,2,"Google Women's Tee Purple,Google Women's Long Sleeve Tee Lavender"
GGOEGAAX0579,2,"Google Women's Short Sleeve Performance Tee Charcoal,Google Women's Badge Performance Tee Charcoal"
GGOEGDHG014499,2,"Google Infuser-Top Water Bottle,25 oz. Infusion Water Bottle"
GGOEGFPR113699,2,"16 oz. Hot and Cold Tumbler,16 oz. Hot/Cold Tumbler"
GGOEGOAJ021599,2,"Gunmetal Roller Ball Pen,Parker Gunmetal CT Ball Pen"
GGOEGOLC014299,2,"Blue Metallic Textured Spiral Notebook Set,Google Metallic Notebook Set"
GGOENEBB079299,2,"Nest® Protect Smoke + CO Black Battery Alarm-USA,Nest庐 Protect Smoke + CO Black Battery Alarm-USA"
9180797,2,"22 oz Mini Mountain Bottle,Google 22 oz Water Bottle"
9182599,2,"Google Women's Long Sleeve Tee Lavender,Google Women's Tee Purple"
9182773,2,"Google Women's Short Sleeve Performance Tee Charcoal,Google Women's Badge Performance Tee Charcoal"
GGOEGDWC020199,2,"Engraved Ceramic Google Mug,Google Engraved Ceramic Mug"
GGOEGESB015099,2,"Basecamp Explorer Powerbank Flashlight,Powerbank Flashlight"
GGOEGESB015199,2,"Google Flashlight,Google Four Color EDC Flashlight"
GGOEADHH082399,2,"Android 25 oz Green Apple Stainless Steel Bottle,Android 25 oz Green Apple l Bottle"
9180844,2,"Gunmetal Roller Ball Pen,Parker Gunmetal CT Ball Pen"
9183221,2,"Google Leather Journal-Black,Google Leather Journal (Black)"
GGOEGAAB058914,2,"Google Men's Short Sleeve Performance Badge Tee Black,Google Men's Performance Badge Tee Black"
GGOEGAAH034014,2,"Google Men's Vintage Badge Tee Sage,Google Men's Vintage Badge Tee Green"
GGOEGAAJ032713,2,"Google Men's Skater Tee Grey,Google Men's Long & Lean Tee Grey"
GGOEGAAJ032814,2,"Google Men's Skater Tee Charcoal,Google Men's Long & Lean Tee Charcoal"
GGOEGAAJ073015,2,"Google Men's Performance Hero Tee Gunmetal,Google Men's Performance Tee Gunmetal"
GGOEGAAL059015,2,"Google Men's Short Sleeve Performance Badge Tee Navy,Google Men's Performance Badge Tee Navy"
GGOEGAEC029115,2,"Google Women's Short Sleeve Hero Tee Sky Blue,Google Women's Short Sleeve Shirt Blue"
GGOEGAEC033113,2,"Google Men's Long Sleeve Raglan Ocean Blue,Google Long Sleeve Raglan Badge Henley Ocean Blue"
GGOEGAEC033115,2,"Google Men's Long Sleeve Raglan Ocean Blue,Google Long Sleeve Raglan Badge Henley Ocean Blue"
GGOEGAEE031014,2,"Google Men's Heavyweight Long Sleeve Hero Tee Burgundy,Google Heavyweight Long Sleeve Hero Tee Burgundy"
GGOEGAEJ028916,2,"Google Women's Short Sleeve Hero Dark Grey,Google Women's Short Sleeve Shirt Dark Grey"
GGOEGAFB035816,2,"Google Men's  Zip Hoodie,Google Men's Zip Hoodie"
GGOEGAFJ036213,2,"Google Men's Pullover Hoodie Grey,Google Men's Pullover Hoodie"
GGOEGAFJ036214,2,"Google Men's Pullover Hoodie Grey,Google Men's Pullover Hoodie"
GGOEGAFJ036217,2,"Google Men's Pullover Hoodie Grey,Google Men's Pullover Hoodie"
GGOEGALB034113,2,"Google Women's Vintage Hero Tee Black,Google Women's Vintage T-Shirt Black"
GGOEGALB034114,2,"Google Women's Vintage T-Shirt Black,Google Women's Vintage Hero Tee Black"
GGOEGALP034313,2,"Google Women's Vintage Hero Tee Lavender,Google Women's Short Sleeve V-Neck Tee Lavender"
GGOEGHGT019599,2,"Google Sunglasses,Google Sunglasses Yellow"
GGOEGOCC017599,2,"Recycled Paper Journal Set,Eco-Aware Large Recycled Journal Combo"
GGOEGPXC023299,2,"Google Collapsible Pet Bowl,Google Collapsible Pet Bowl Blue"
9180837,2,"Leather and Metal Ballpoint Pen,Bic Leather Pen"
GGOEAAAB034817,2,"Android BTTF Cosmos Graphic Tee,Android BTTF Cosmos Shirt"
GGOEAAAB034915,2,"Android BTTF Moonshot Graphic Tee,Android BTTF Moonshot Shirt"
GGOEAAAB034916,2,"Android BTTF Moonshot Graphic Tee,Android BTTF Moonshot Shirt"
GGOEAAAB034917,2,"Android BTTF Moonshot Graphic Tee,Android BTTF Moonshot Shirt"
GGOEAAAJ032915,2,"Android Men's Skater Badge Tee Charcoal,Android Men's Long & Lean Badge Tee Charcoal"
GGOEGAAL059013,2,"Google Men's Short Sleeve Performance Badge Tee Navy,Google Men's Performance Badge Tee Navy"
GGOEGAEB028613,2,"Google Women's Short Sleeve V-Neck Tee Black,Google Women's Short Sleeve Hero V-Neck Tee Black"
GGOEGAEC029113,2,"Google Women's Short Sleeve Hero Tee Sky Blue,Google Women's Short Sleeve Shirt Blue"
GGOEGAEE031013,2,"Google Men's Heavyweight Long Sleeve Hero Tee Burgundy,Google Heavyweight Long Sleeve Hero Tee Burgundy"
GGOEGAEJ028813,2,"Google Women's Short Sleeve Shirt Light Grey,Google Women's Short Sleeve Badge Tee Ice Gray"
GGOEGAEL031116,2,"Google Heavyweight Long Sleeve Hero Tee Navy,Google Men's Heavyweight Long Sleeve Hero Tee Navy"
GGOEGAER029213,2,"Google Women's Short Sleeve Badge Tee Red Heather,Google Women's Short Sleeve Shirt Red"
GGOEGALB059916,2,"Google Women's Badge Performance Tee Black,Google Women's Short Sleeve Performance Tee Black"
GGOEGALL060013,2,"Google Women's Short Sleeve Performance Tee Navy,Google Women's Badge Performance Tee Navy"
GGOEGALP034314,2,"Google Women's Vintage Hero Tee Lavender,Google Women's Short Sleeve V-Neck Tee Lavender"
GGOEGALQ034213,2,"Google Women's Vintage Hero Tee White,Google Women's Hero V-Neck Tee White"
GGOEGCBN016899,2,"Google Pet Feeding Mat,Pet Feeding Mat"
GGOEYAAJ033013,2,"YouTube Men's Skater Tee Charcoal,YouTube Men's Long & Lean Tee Charcoal"
GGOEYAAJ033017,2,"YouTube Men's Long & Lean Tee Charcoal,YouTube Men's Skater Tee Charcoal"
GGOEGAAL059017,2,"Google Men's Short Sleeve Performance Badge Tee Navy,Google Men's Performance Badge Tee Navy"
GGOEGALP036316,2,"Google Women's Long Sleeve Tee Lavender,Google Women's Tee Purple"
9180806,2,"Clip-on Compact Charger,PowerClip Lightning Charger"
9180813,2,"Google Tube Power Bank,Google Power Bank"
9182707,2,"Android Heavyweight Long Sleeve Badge Tee Black,Android Men's Heavyweight Long Sleeve Badge Tee Black"
9182553,2,"YouTube Men's Vintage Henley,YouTube Men's Eco-Jersey Henley"
9182647,2,"Google Women's Short Sleeve Badge Tee Ice Gray,Google Women's Short Sleeve Shirt Light Grey"
9182716,2,"Google Men's Long Sleeve Pullover Crew Tee Heather,Google Men's Long Sleeve Pullover Badge Tee Heather"
9182748,2,"Google Men's Short Sleeve Performance Badge Tee Pewter,Google Men's Performance Badge Tee Gunmetal"
9180841,2,"Executive Twist Ballpoint Pen,Bic Tri-Tone Twist Pen"
GGOEGAEE031017,2,"Google Men's Heavyweight Long Sleeve Hero Tee Burgundy,Google Heavyweight Long Sleeve Hero Tee Burgundy"
GGOEGAEJ030716,2,"Google Men's 3/4 Sleeve Raglan Henley Grey,Google 3/4 Sleeve Raglan Henley Grey"
GGOEGAER029216,2,"Google Women's Short Sleeve Badge Tee Red Heather,Google Women's Short Sleeve Shirt Red"
GGOEYAAJ033016,2,"YouTube Men's Long & Lean Tee Charcoal,YouTube Men's Skater Tee Charcoal"
9180775,2,"Google Pet Feeding Mat,Pet Feeding Mat"
9182909,2,"Collapsible Pet Bowl,Google Collapsible Pet Bowl"
9180872,2,"Google Collapsible Pet Bowl,Collapsible Pet Bowl"
GGOEGAEJ028915,2,"Google Women's Short Sleeve Shirt Dark Grey,Google Women's Short Sleeve Hero Dark Grey"
GGOEYAEJ029017,2,"YouTube Women's Short Sleeve Hero Tee Charcoal,YouTube Women's S/S Crew Tee"
GGOEAAEJ029313,2,"Android Women's Short Sleeve Tri-blend Badge Tee Light Grey,Android Women's Short Sleeve Badge Tee Light Charcoal"