website_SKU,inventory_SKU
9180781,9180781
9180833,9180833
9180838,9180838
9180840,9180840
9180844,9180844
9180905,9180905
9181573,9181573
9181664,9181664
9182599,9182599
9182721,9182721
9182739,9182739
9182743,9182743
9182751,9182751
9182771,9182771
9182772,9182772
9182781,9182781
9182784,9182784
9182980,9182980
9183219,9183219
9183220,9183220
9183223,9183223
9183234,9183234
GGOEGAAX0335,GGOEGAAX0335
GGOEGAAX0351,GGOEGAAX0351
GGOEGAAX0661,GGOEGAAX0661
GGOEGBRA037499,GGOEGBRA037499
GGOEGBRB013899,GGOEGBRB013899
GGOEYHPA003510,GGOEYHPA003510
GGOEYOCR077799,GGOEYOCR077799
GGOEGAAX0037,GGOEGAAX0037
GGOEGAAX0231,GGOEGAAX0231
GGOEGFKQ020399,GGOEGFKQ020399
GGOEGFQB013799,GGOEGFQB013799
GGOEGKAA019299,GGOEGKAA019299
GGOEGAAX0098,GGOEGAAX0098
GGOEGBCR024399,GGOEGBCR024399
GGOEGBFC018799,GGOEGBFC018799
GGOEGBJC014399,GGOEGBJC014399
GGOEGBJL013999,GGOEGBJL013999
GGOEGBMB073799,GGOEGBMB073799
GGOEGBMC056599,GGOEGBMC056599
GGOEGBPB021199,GGOEGBPB021199
GGOEGBRJ037299,GGOEGBRJ037299
GGOEGAAX0278,GGOEGAAX0278
GGOEGAAX0358,GGOEGAAX0358
GGOEGAAX0568,GGOEGAAX0568
GGOEGAAX0627,GGOEGAAX0627
GGOEGAAX0655,GGOEGAAX0655
GGOEGAAX0657,GGOEGAAX0657
GGOEGAAX0659,GGOEGAAX0659
GGOEGAAX0663,GGOEGAAX0663
GGOEGAAX0664,GGOEGAAX0664
GGOEGAAX0684,GGOEGAAX0684
GGOEGAAX0687,GGOEGAAX0687
GGOEGAAX0688,GGOEGAAX0688
GGOEADWQ015699,GGOEADWQ015699
GGOEGAAX0320,GGOEGAAX0320
GGOEGEVR014999,GGOEGEVR014999
GGOEGAAX0610,GGOEGAAX0610
GGOEGAAX0614,GGOEGAAX0614
GGOEGAAX0618,GGOEGAAX0618
GGOEGAAX0619,GGOEGAAX0619
GGOEGAAX0622,GGOEGAAX0622
GGOEGAAX0625,GGOEGAAX0625
GGOEGAAX0626,GGOEGAAX0626
GGOEGAAX0660,GGOEGAAX0660
GGOEGAAX0671,GGOEGAAX0671
GGOEGAAX0680,GGOEGAAX0680
GGOEGAAX0681,GGOEGAAX0681
GGOEGAAX0682,GGOEGAAX0682
GGOEGAAX0686,GGOEGAAX0686
GGOEGAAX0106,GGOEGAAX0106
GGOEGAAX0313,GGOEGAAX0313
GGOEGAAX0319,GGOEGAAX0319
GGOEGAAX0325,GGOEGAAX0325
GGOEGAAX0326,GGOEGAAX0326
GGOEGAAX0327,GGOEGAAX0327
GGOEGAAX0329,GGOEGAAX0329
GGOEGAAX0339,GGOEGAAX0339
GGOEGAAX0340,GGOEGAAX0340
GGOEGAAX0346,GGOEGAAX0346
GGOEGAAX0348,GGOEGAAX0348
GGOEGAAX0349,GGOEGAAX0349
GGOEGAAX0357,GGOEGAAX0357
GGOEGAAX0359,GGOEGAAX0359
GGOEGAAX0362,GGOEGAAX0362
GGOEGAAX0566,GGOEGAAX0566
GGOEGAAX0567,GGOEGAAX0567
GGOEGAAX0572,GGOEGAAX0572
GGOEGAAX0590,GGOEGAAX0590
GGOEGAAX0592,GGOEGAAX0592
GGOEGAAX0596,GGOEGAAX0596
GGOEGAAX0597,GGOEGAAX0597
GGOEGEHQ024099,GGOEGEHQ024099
GGOEGEHQ072599,GGOEGEHQ072599
GGOEGETB023799,GGOEGETB023799
GGOEGETR014599,GGOEGETR014599
GGOEGAAX0290,GGOEGAAX0290
GGOEADHH055999,GGOEADHH055999
GGOEYDHJ019399,GGOEYDHJ019399
GGOEYDHJ056099,GGOEYDHJ056099
GGOEGAAX0282,GGOEGAAX0282
GGOEGAAX0283,GGOEGAAX0283
GGOEGAAX0289,GGOEGAAX0289
GGOEGAAX0299,GGOEGAAX0299
GGOEGAAX0343,GGOEGAAX0343
GGOEGAAX0365,GGOEGAAX0365
GGOEGAAX0575,GGOEGAAX0575
GGOEGAAX0576,GGOEGAAX0576
GGOEGAAX0578,GGOEGAAX0578
GGOEGAAX0579,GGOEGAAX0579
GGOEGAAX0580,GGOEGAAX0580
GGOEGAAX0581,GGOEGAAX0581
GGOEGAAX0582,GGOEGAAX0582
GGOEGAAX0588,GGOEGAAX0588
GGOEGAAX0601,GGOEGAAX0601
GGOEGAAX0602,GGOEGAAX0602
GGOEGAAX0604,GGOEGAAX0604
GGOEGAAX0605,GGOEGAAX0605
GGOEGAAX0729,GGOEGAAX0729
GGOEGAAX0746,GGOEGAAX0746
GGOEGCVB072399,GGOEGCVB072399
GGOEGDHB072099,GGOEGDHB072099
GGOEGDHC074099,GGOEGDHC074099
GGOEGHPA002910,GGOEGHPA002910
GGOEGHPA003010,GGOEGHPA003010
GGOEGHPB003410,GGOEGHPB003410
GGOEGOAR013099,GGOEGOAR013099
GGOEGOCT019199,GGOEGOCT019199
GGOEGOAB022499,GGOEGOAB022499
GGOEGOAC021799,GGOEGOAC021799
GGOEGOAJ021599,GGOEGOAJ021599
GGOEGOAQ012899,GGOEGOAQ012899
GGOEGOAR013599,GGOEGOAR013599
GGOEGOLC013299,GGOEGOLC013299
GGOEGOXQ016399,GGOEGOXQ016399
GGOEGAAX0042,GGOEGAAX0042
GGOEACCQ017299,GGOEACCQ017299
GGOEADHH073999,GGOEADHH073999
GGOEAHPJ074410,GGOEAHPJ074410
GGOEYHPA003610,GGOEYHPA003610
GGOEGAAX0074,GGOEGAAX0074
GGOENEBJ079499,GGOENEBJ079499
GGOENEBQ079099,GGOENEBQ079099
GGOENEBQ079199,GGOENEBQ079199
GGOENEBQ084699,GGOENEBQ084699
GGOEGDHQ015399,GGOEGDHQ015399
9180757,9180757
9180759,9180759
9180792,9180792
9180808,9180808
9181138,9181138
9181150,9181150
9182575,9182575
9182723,9182723
9182737,9182737
9183106,9183106
9183194,9183194
9183228,9183228
9183229,9183229
9184733,9184733
9184737,9184737
GGOEGGCX056199,GGOEGGCX056199
GGOEGGCX056399,GGOEGGCX056399
GGOEGESC014099,GGOEGESC014099
GGOEGESQ016799,GGOEGESQ016799
GGOEGODR017799,GGOEGODR017799
GGOENEBB081499,GGOENEBB081499
GGOENEBQ081699,GGOENEBQ081699
GGOEAOCB077499,GGOEAOCB077499
GGOEGOCC077299,GGOEGOCC077299
GGOEYOCR077399,GGOEYOCR077399
9180779,9180779
9180782,9180782
9180862,9180862
9181137,9181137
9182581,9182581
9182714,9182714
9182722,9182722
9184681,9184681
GGOEAAAB034813,GGOEAAAB034813
GGOEAAAB034816,GGOEAAAB034816
GGOEAAAB034817,GGOEAAAB034817
GGOEAAAB034914,GGOEAAAB034914
GGOEAAAJ031915,GGOEAAAJ031915
GGOEAAAP081214,GGOEAAAP081214
GGOEAAAQ032013,GGOEAAAQ032013
GGOEAAEJ028214,GGOEAAEJ028214
GGOEAAEJ033415,GGOEAAEJ033415
GGOEAAWN062649,GGOEAAWN062649
GGOEAAXC066428,GGOEAAXC066428
GGOEAAYC068725,GGOEAAYC068725
GGOEAAYC068756,GGOEAAYC068756
GGOEAHPJ004213,GGOEAHPJ004213
GGOEGAAB010513,GGOEGAAB010513
GGOEGAAB033815,GGOEGAAB033815
GGOEGAAC035016,GGOEGAAC035016
GGOEGAAJ032313,GGOEGAAJ032313
GGOEGAAJ032314,GGOEGAAJ032314
GGOEGAAJ032615,GGOEGAAJ032615
GGOEGAAJ032616,GGOEGAAJ032616
GGOEGAAJ032617,GGOEGAAJ032617
GGOEGAAJ032714,GGOEGAAJ032714
GGOEGAAJ032716,GGOEGAAJ032716
GGOEGAAJ032816,GGOEGAAJ032816
GGOEGAAJ059114,GGOEGAAJ059114
GGOEGAAJ073016,GGOEGAAJ073016
GGOEGAAJ073415,GGOEGAAJ073415
GGOEGAAJ073416,GGOEGAAJ073416
GGOEGAAJ080615,GGOEGAAJ080615
GGOEGAAJ080617,GGOEGAAJ080617
GGOEGAAL010614,GGOEGAAL010614
GGOEGAAL010615,GGOEGAAL010615
GGOEGAAL010616,GGOEGAAL010616
GGOEGAAL010617,GGOEGAAL010617
GGOEGAAQ010414,GGOEGAAQ010414
GGOEGAAQ010416,GGOEGAAQ010416
GGOEGAAQ010417,GGOEGAAQ010417
GGOEGAAQ033915,GGOEGAAQ033915
GGOEGAAR010714,GGOEGAAR010714
GGOEGAAR010715,GGOEGAAR010715
GGOEGAAR010716,GGOEGAAR010716
GGOEGADB056614,GGOEGADB056614
GGOEGADB056616,GGOEGADB056616
GGOEGADB057313,GGOEGADB057313
GGOEGADB059613,GGOEGADB059613
GGOEGADC059316,GGOEGADC059316
GGOEGADC059516,GGOEGADC059516
GGOEGADJ056815,GGOEGADJ056815
GGOEGADJ056816,GGOEGADJ056816
GGOEGADJ056818,GGOEGADJ056818
GGOEGADJ057114,GGOEGADJ057114
GGOEGADJ059713,GGOEGADJ059713
GGOEGADJ059715,GGOEGADJ059715
GGOEGAEA030414,GGOEGAEA030414
GGOEGAEA030415,GGOEGAEA030415
GGOEGAEA030416,GGOEGAEA030416
GGOEGAEB027813,GGOEGAEB027813
GGOEGAEB027816,GGOEGAEB027816
GGOEGAEB084514,GGOEGAEB084514
GGOEGAEC033115,GGOEGAEC033115
GGOEGAEJ028014,GGOEGAEJ028014
GGOEGAEJ028016,GGOEGAEJ028016
GGOEGAEJ028913,GGOEGAEJ028913
GGOEGAEJ028914,GGOEGAEJ028914
GGOEGAEJ029914,GGOEGAEJ029914
GGOEGAEJ029916,GGOEGAEJ029916
GGOEGAEJ035314,GGOEGAEJ035314
GGOEGAEJ035317,GGOEGAEJ035317
GGOEGAEQ027913,GGOEGAEQ027913
GGOEGAER029713,GGOEGAER029713
GGOEGAER035515,GGOEGAER035515
GGOEGAFB035814,GGOEGAFB035814
GGOEGAFB035817,GGOEGAFB035817
GGOEGALB034116,GGOEGALB034116
GGOEGALB034117,GGOEGALB034117
GGOEGALB036513,GGOEGALB036513
GGOEGALJ034413,GGOEGALJ034413
GGOEGALJ036414,GGOEGALJ036414
GGOEGALL074614,GGOEGALL074614
GGOEGALP034313,GGOEGALP034313
GGOEGALP034315,GGOEGALP034315
GGOEGALQ034213,GGOEGALQ034213
GGOEGALQ034216,GGOEGALQ034216
GGOEGALQ036615,GGOEGALQ036615
GGOEGAPB058213,GGOEGAPB058213
GGOEGAPB058614,GGOEGAPB058614
GGOEGAPB058615,GGOEGAPB058615
GGOEGAPC058814,GGOEGAPC058814
GGOEGAQB036013,GGOEGAQB036013
GGOEGATB060214,GGOEGATB060214
GGOEGATB060614,GGOEGATB060614
GGOEGAWC062848,GGOEGAWC062848
GGOEGAXC065629,GGOEGAXC065629
GGOEGAXJ065755,GGOEGAXJ065755
GGOEGAYB068056,GGOEGAYB068056
GGOEGAYQ068925,GGOEGAYQ068925
GGOEGAYQ069024,GGOEGAYQ069024
GGOEGAYQ069025,GGOEGAYQ069025
GGOEGBRC021399,GGOEGBRC021399
GGOEGDHC018299,GGOEGDHC018299
GGOEGDHJ082599,GGOEGDHJ082599
GGOEGDHR018499,GGOEGDHR018499
GGOEGFKQ020799,GGOEGFKQ020799
GGOEGHGR019499,GGOEGHGR019499
GGOEGOCB078299,GGOEGOCB078299
GGOEGOCD078199,GGOEGOCD078199
GGOEGPJR018999,GGOEGPJR018999
GGOEGPXC023299,GGOEGPXC023299
GGOEWCKQ085457,GGOEWCKQ085457
GGOEWEBB082699,GGOEWEBB082699
GGOEWFKA083199,GGOEWFKA083199
GGOEYAAB031813,GGOEYAAB031813
GGOEYAAB031814,GGOEYAAB031814
GGOEYAAB031815,GGOEYAAB031815
GGOEYAAJ032516,GGOEYAAJ032516
GGOEYAEB028414,GGOEYAEB028414
GGOEYAEJ029513,GGOEYAEJ029513
GGOEYAEJ029617,GGOEYAEJ029617
GGOEYAFB073114,GGOEYAFB073114
GGOEYAFB073115,GGOEYAFB073115
GGOEYAWJ061453,GGOEYAWJ061453
GGOEYAYR068626,GGOEYAYR068626
9180766,9180766
GGOEAOCH077899,GGOEAOCH077899
GGOEGBPB081999,GGOEGBPB081999
9182873,9182873
GGOEAAAB034917,GGOEAAAB034917
GGOEAAAB081015,GGOEAAAB081015
GGOEAAAB081016,GGOEAAAB081016
GGOEAAAC080913,GGOEAAAC080913
GGOEAAAC080916,GGOEAAAC080916
GGOEAAAH083314,GGOEAAAH083314
GGOEAAAJ031914,GGOEAAAJ031914
GGOEAAAJ032914,GGOEAAAJ032914
GGOEAAAJ032916,GGOEAAAJ032916
GGOEAAAL081115,GGOEAAAL081115
GGOEAAAP081216,GGOEAAAP081216
GGOEAAEH035213,GGOEAAEH035213
GGOEAAEH035214,GGOEAAEH035214
GGOEAAEH035215,GGOEAAEH035215
GGOEAAEJ028213,GGOEAAEJ028213
GGOEAAEJ030914,GGOEAAEJ030914
GGOEAAEJ030915,GGOEAAEJ030915
GGOEAAEJ030916,GGOEAAEJ030916
GGOEAAEJ033416,GGOEAAEJ033416
GGOEAAFB035917,GGOEAAFB035917
GGOEAAQB036116,GGOEAAQB036116
GGOEAAWN062650,GGOEAAWN062650
GGOEAAXC066429,GGOEAAXC066429
GGOEAAXJ066229,GGOEAAXJ066229
GGOEAAXJ066255,GGOEAAXJ066255
GGOEAAXN066329,GGOEAAXN066329
GGOEAAYC068724,GGOEAAYC068724
GGOEAAYJ068826,GGOEAAYJ068826
GGOEAHPB080210,GGOEAHPB080210
GGOEAHPJ004314,GGOEAHPJ004314
GGOEGAAB058913,GGOEGAAB058913
GGOEGAAB058916,GGOEGAAB058916
GGOEGAAB058917,GGOEGAAB058917
GGOEGAAC032114,GGOEGAAC032114
GGOEGAAC032115,GGOEGAAC032115
GGOEGAAC035015,GGOEGAAC035015
GGOEGAAH034016,GGOEGAAH034016
GGOEGAAH034017,GGOEGAAH034017
GGOEGAAJ032613,GGOEGAAJ032613
GGOEGAAJ032715,GGOEGAAJ032715
GGOEGAAJ032815,GGOEGAAJ032815
GGOEGAAJ032817,GGOEGAAJ032817
GGOEGAAJ057016,GGOEGAAJ057016
GGOEGAAJ059113,GGOEGAAJ059113
GGOEGAAJ059116,GGOEGAAJ059116
GGOEGAAJ073414,GGOEGAAJ073414
GGOEGAAJ080616,GGOEGAAJ080616
GGOEGAAQ033916,GGOEGAAQ033916
GGOEGAAQ033918,GGOEGAAQ033918
GGOEGAAQ057215,GGOEGAAQ057215
GGOEGADB056613,GGOEGADB056613
GGOEGADB056618,GGOEGADB056618
GGOEGADB059215,GGOEGADB059215
GGOEGADB059216,GGOEGADB059216
GGOEGADC059314,GGOEGADC059314
GGOEGADJ056813,GGOEGADJ056813
GGOEGADJ057115,GGOEGADJ057115
GGOEGADJ059815,GGOEGADJ059815
GGOEGAEB027815,GGOEGAEB027815
GGOEGAEB084515,GGOEGAEB084515
GGOEGAEC029114,GGOEGAEC029114
GGOEGAEJ028015,GGOEGAEJ028015
GGOEGAEJ028113,GGOEGAEJ028113
GGOEGAEJ028114,GGOEGAEJ028114
GGOEGAEJ028115,GGOEGAEJ028115
GGOEGAEJ031313,GGOEGAEJ031313
GGOEGAEJ031316,GGOEGAEJ031316
GGOEGAEJ031317,GGOEGAEJ031317
GGOEGAEQ027916,GGOEGAEQ027916
GGOEGAER029714,GGOEGAER029714
GGOEGAER029716,GGOEGAER029716
GGOEGAER035513,GGOEGAER035513
GGOEGAER035516,GGOEGAER035516
GGOEGAFJ036217,GGOEGAFJ036217
GGOEGALB034113,GGOEGALB034113
GGOEGALB036514,GGOEGALB036514
GGOEGALB036516,GGOEGALB036516
GGOEGALJ036415,GGOEGALJ036415
GGOEGALJ036416,GGOEGALJ036416
GGOEGALJ057914,GGOEGALJ057914
GGOEGALJ060113,GGOEGALJ060113
GGOEGALJ072913,GGOEGALJ072913
GGOEGALJ072914,GGOEGALJ072914
GGOEGALJ073315,GGOEGALJ073315
GGOEGALJ073317,GGOEGALJ073317
GGOEGALL074613,GGOEGALL074613
GGOEGALL074615,GGOEGALL074615
GGOEGALL074616,GGOEGALL074616
GGOEGALP034314,GGOEGALP034314
GGOEGALP034317,GGOEGALP034317
GGOEGALP036315,GGOEGALP036315
GGOEGALP036316,GGOEGALP036316
GGOEGALP036317,GGOEGALP036317
GGOEGALQ036614,GGOEGALQ036614
GGOEGALQ036616,GGOEGALQ036616
GGOEGAPB057813,GGOEGAPB057813
GGOEGAQB036017,GGOEGAQB036017
GGOEGATB060413,GGOEGATB060413
GGOEGATB060417,GGOEGATB060417
GGOEGATB060615,GGOEGATB060615
GGOEGATB060617,GGOEGATB060617
GGOEGATC060313,GGOEGATC060313
GGOEGATJ060513,GGOEGATJ060513
GGOEGAUC057714,GGOEGAUC057714
GGOEGAWC061949,GGOEGAWC061949
GGOEGAWC062849,GGOEGAWC062849
GGOEGAWH061353,GGOEGAWH061353
GGOEGAWN062748,GGOEGAWN062748
GGOEGAWR061048,GGOEGAWR061048
GGOEGAWR061049,GGOEGAWR061049
GGOEGAWR061050,GGOEGAWR061050
GGOEGAWR061848,GGOEGAWR061848
GGOEGAWR061850,GGOEGAWR061850
GGOEGAXC065229,GGOEGAXC065229
GGOEGAXC065230,GGOEGAXC065230
GGOEGAXC065628,GGOEGAXC065628
GGOEGAXJ065730,GGOEGAXJ065730
GGOEGAXL065928,GGOEGAXL065928
GGOEGAXL065929,GGOEGAXL065929
GGOEGAXL065955,GGOEGAXL065955
GGOEGAXQ067129,GGOEGAXQ067129
GGOEGAXQ067155,GGOEGAXQ067155
GGOEGAXR065128,GGOEGAXR065128
GGOEGAXR066055,GGOEGAXR066055
GGOEGAYH067924,GGOEGAYH067924
GGOEGAYL068125,GGOEGAYL068125
GGOEGAYQ068924,GGOEGAYQ068924
GGOEGAYQ068956,GGOEGAYQ068956
GGOEGAYT068526,GGOEGAYT068526
GGOEGBRD079699,GGOEGBRD079699
GGOEGBRP037599,GGOEGBRP037599
GGOEGCBN016899,GGOEGCBN016899
GGOEGDHR082199,GGOEGDHR082199
GGOEGHPJ080010,GGOEGHPJ080010
GGOEGHPJ080310,GGOEGHPJ080310
GGOEWAAJ082815,GGOEWAAJ082815
GGOEWAAJ083513,GGOEWAAJ083513
GGOEYAAJ032517,GGOEYAAJ032517
GGOEYAAJ033013,GGOEYAAJ033013
GGOEYAAQ031716,GGOEYAAQ031716
GGOEYAEA035117,GGOEYAEA035117
GGOEYAEB035615,GGOEYAEB035615
GGOEYAEB035616,GGOEYAEB035616
GGOEYAEJ029013,GGOEYAEJ029013
GGOEYAEJ029015,GGOEYAEJ029015
GGOEYAEJ029517,GGOEYAEJ029517
GGOEYAEJ029613,GGOEYAEJ029613
GGOEYAEJ029614,GGOEYAEJ029614
GGOEYAFB073117,GGOEYAFB073117
GGOEYAWJ061448,GGOEYAWJ061448
GGOEYAWJ061450,GGOEYAWJ061450
GGOEYAWJ061454,GGOEYAWJ061454
GGOEYAXR066130,GGOEYAXR066130
GGOEAAAJ032917,GGOEAAAJ032917
GGOEAAXN066328,GGOEAAXN066328
GGOEAAXN066355,GGOEAAXN066355
GGOEAHPB076115,GGOEAHPB076115
GGOEGAAC035013,GGOEGAAC035013
GGOEGAAJ032713,GGOEGAAJ032713
GGOEGADC059313,GGOEGADC059313
GGOEGADJ057116,GGOEGADJ057116
GGOEGALJ060114,GGOEGALJ060114
GGOEGAPB057812,GGOEGAPB057812
GGOEGAPB058612,GGOEGAPB058612
GGOEGARJ058413,GGOEGARJ058413
GGOEGATC060315,GGOEGATC060315
GGOEGATJ060516,GGOEGATJ060516
GGOEGAWC062850,GGOEGAWC062850
GGOEGAYH067926,GGOEGAYH067926
GGOEGAYH068425,GGOEGAYH068425
GGOEGAYL068124,GGOEGAYL068124
GGOEGAYT068525,GGOEGAYT068525
GGOEWAAJ082817,GGOEWAAJ082817
GGOEYAAJ033016,GGOEYAAJ033016
GGOEYAXR066155,GGOEYAXR066155
9180806,9180806
9182701,9182701
9180767,9180767
9180769,9180769
9181148,9181148
9182587,9182587
9182605,9182605
9182755,9182755
9182778,9182778
9183239,9183239
9183240,9183240
9182788,9182788
9182717,9182717
9181572,9181572
9180814,9180814
9182559,9182559
9182709,9182709
9182753,9182753
9182741,9182741
9183000,9183000
9183015,9183015
9183112,9183112
9180756,9180756
9180754,9180754
9180771,9180771
9182720,9182720
9182752,9182752
GGOEGAAX0795,GGOEGAAX0795
9182746,9182746
9180820,9180820
9182820,9182820
GGOEAXXX0808,GGOEAXXX0808
GGOEAXXX0833,GGOEAXXX0833
GGOEGAAX0308,GGOEGAAX0308
GGOEGAAX0761,GGOEGAAX0761
GGOEGAAX0781,GGOEGAAX0781
GGOEWXXX0834,GGOEWXXX0834
9182780,9182780
GGOEAAAC080917,GGOEAAAC080917
GGOEAAWT061750,GGOEAAWT061750
GGOEGAAQ057216,GGOEGAAQ057216
GGOEGAEC029117,GGOEGAEC029117
GGOEGALJ034415,GGOEGALJ034415
GGOEGALJ034416,GGOEGALJ034416
GGOEGALJ036417,GGOEGALJ036417
GGOEGALJ072915,GGOEGALJ072915
GGOEGATB060414,GGOEGATB060414
GGOEGATB060616,GGOEGATB060616
GGOEGATJ060515,GGOEGATJ060515
GGOEGAYL068126,GGOEGAYL068126
GGOEGAYR068225,GGOEGAYR068225
GGOEWAAJ082813,GGOEWAAJ082813
GGOEYAAQ031717,GGOEYAAQ031717
GGOEYAEJ029515,GGOEYAEJ029515
9180762,9180762
9182725,9182725
9182764,9182764
9184697,9184697
GGOEGAAJ057013,GGOEGAAJ057013
GGOEGADC059513,GGOEGADC059513
GGOEGAEJ030816,GGOEGAEJ030816
GGOEGAPB057516,GGOEGAPB057516
GGOEGAWH061354,GGOEGAWH061354
GGOEYAEB035617,GGOEYAEB035617
9183230,9183230
9182848,9182848
9183091,9183091
9184683,9184683
9184689,9184689
9182769,9182769
9182777,9182777
9182719,9182719
9182898,9182898
GGOEAXXX0809,GGOEAXXX0809
9182176,9182176
9181149,9181149
GGOEGATH060716,GGOEGATH060716
GGOEGAAC032117,GGOEGAAC032117
GGOEGALJ057913,GGOEGALJ057913
GGOEAAEB028316,GGOEAAEB028316
GGOEGATB060216,GGOEGATB060216
9184707,9184707
GGOEGADB059217,GGOEGADB059217
GGOEGADJ057117,GGOEGADJ057117
GGOEGAPC058812,GGOEGAPC058812
GGOEGATC060316,GGOEGATC060316
9182828,9182828
9182863,9182863
GGOEGAWR061150,GGOEGAWR061150
GGOEYAEJ029516,GGOEYAEJ029516
GGOEGAUC057717,GGOEGAUC057717
GGOEGAEJ028116,GGOEGAEJ028116
GGOEYAEJ029017,GGOEYAEJ029017
GGOEGALJ034417,GGOEGALJ034417
GGOEGAWC061950,GGOEGAWC061950
GGOEAAWT061754,GGOEAAWT061754
GGOEGALJ060116,GGOEGALJ060116
9180793,9180793
9181019,9181019
9182569,9182569
9182593,9182593
9182761,9182761
9182765,9182765
9182785,9182785
9183186,9183186
9183212,9183212
9183213,9183213
9183214,9183214
9184720,9184720
9184734,9184734
GGOEGAAX0314,GGOEGAAX0314
GGOEGAAX0352,GGOEGAAX0352
GGOEGOCD078399,GGOEGOCD078399
GGOEYHPB072210,GGOEYHPB072210
GGOEGAAX0213,GGOEGAAX0213
GGOEAFKQ020499,GGOEAFKQ020499
GGOEAFKQ020599,GGOEAFKQ020599
GGOEAKDH019899,GGOEAKDH019899
GGOEAOBH078799,GGOEAOBH078799
GGOEGCBQ016499,GGOEGCBQ016499
GGOEGCKQ013199,GGOEGCKQ013199
GGOEGCMB020932,GGOEGCMB020932
GGOEGCNB021099,GGOEGCNB021099
GGOEGFAQ016699,GGOEGFAQ016699
GGOEGFSR022099,GGOEGFSR022099
GGOEGFYQ016599,GGOEGFYQ016599
GGOEYOBR078599,GGOEYOBR078599
GGOEGAAX0168,GGOEGAAX0168
GGOEGPJC203399,GGOEGPJC203399
GGOEGBJC019999,GGOEGBJC019999
GGOEGBMJ013399,GGOEGBMJ013399
GGOEGBRJ037399,GGOEGBRJ037399
GGOEGAAX0613,GGOEGAAX0613
GGOEGAAX0628,GGOEGAAX0628
GGOEGAAX0629,GGOEGAAX0629
GGOEGAAX0652,GGOEGAAX0652
GGOEGAAX0656,GGOEGAAX0656
GGOEGAAX0662,GGOEGAAX0662
GGOEGAAX0683,GGOEGAAX0683
GGOEGAAX0685,GGOEGAAX0685
GGOEGDWR015799,GGOEGDWR015799
GGOEGEVA022399,GGOEGEVA022399
GGOEGEVB070599,GGOEGEVB070599
GGOEGEVB070899,GGOEGEVB070899
GGOEGEVB071799,GGOEGEVB071799
GGOEGAAX0611,GGOEGAAX0611
GGOEGAAX0617,GGOEGAAX0617
GGOEGAAX0620,GGOEGAAX0620
GGOEGAAX0651,GGOEGAAX0651
GGOEGAAX0679,GGOEGAAX0679
GGOEGAAX0689,GGOEGAAX0689
GGOEGAAX0690,GGOEGAAX0690
GGOEGKWQ060910,GGOEGKWQ060910
GGOEGKWR060810,GGOEGKWR060810
GGOEGAAX0104,GGOEGAAX0104
GGOEGAAX0105,GGOEGAAX0105
GGOEGAAX0107,GGOEGAAX0107
GGOEGAAX0317,GGOEGAAX0317
GGOEGAAX0318,GGOEGAAX0318
GGOEGAAX0321,GGOEGAAX0321
GGOEGAAX0323,GGOEGAAX0323
GGOEGAAX0324,GGOEGAAX0324
GGOEGAAX0328,GGOEGAAX0328
GGOEGAAX0330,GGOEGAAX0330
GGOEGAAX0331,GGOEGAAX0331
GGOEGAAX0334,GGOEGAAX0334
GGOEGAAX0338,GGOEGAAX0338
GGOEGAAX0350,GGOEGAAX0350
GGOEGAAX0353,GGOEGAAX0353
GGOEGAAX0355,GGOEGAAX0355
GGOEGAAX0356,GGOEGAAX0356
GGOEGAAX0569,GGOEGAAX0569
GGOEGAAX0570,GGOEGAAX0570
GGOEGAAX0571,GGOEGAAX0571
GGOEGAAX0573,GGOEGAAX0573
GGOEGAAX0589,GGOEGAAX0589
GGOEGAAX0591,GGOEGAAX0591
GGOEGAAX0593,GGOEGAAX0593
GGOEGAAX0595,GGOEGAAX0595
GGOEGAAX0598,GGOEGAAX0598
GGOEGAAX0730,GGOEGAAX0730
GGOEGAAX0731,GGOEGAAX0731
GGOEGAAX0734,GGOEGAAX0734
GGOEGEHQ071199,GGOEGEHQ071199
GGOEGEHQ072499,GGOEGEHQ072499
GGOEGAAX0284,GGOEGAAX0284
GGOEGAAX0295,GGOEGAAX0295
GGOEGAAX0296,GGOEGAAX0296
GGOEYFKQ020699,GGOEYFKQ020699
GGOEYOLR018699,GGOEYOLR018699
GGOEGAAX0279,GGOEGAAX0279
GGOEGAAX0280,GGOEGAAX0280
GGOEGAAX0281,GGOEGAAX0281
GGOEGAAX0291,GGOEGAAX0291
GGOEGAAX0297,GGOEGAAX0297
GGOEGAAX0304,GGOEGAAX0304
GGOEGAAX0306,GGOEGAAX0306
GGOEGAAX0341,GGOEGAAX0341
GGOEGAAX0342,GGOEGAAX0342
GGOEGAAX0344,GGOEGAAX0344
GGOEGAAX0360,GGOEGAAX0360
GGOEGAAX0363,GGOEGAAX0363
GGOEGAAX0364,GGOEGAAX0364
GGOEGAAX0366,GGOEGAAX0366
GGOEGAAX0577,GGOEGAAX0577
GGOEGAAX0584,GGOEGAAX0584
GGOEGAAX0586,GGOEGAAX0586
GGOEGAAX0603,GGOEGAAX0603
GGOEGAAX0606,GGOEGAAX0606
GGOEGAAX0607,GGOEGAAX0607
GGOEGAAX0733,GGOEGAAX0733
GGOEGCBB074199,GGOEGCBB074199
GGOEGCBC074299,GGOEGCBC074299
GGOEGESC014699,GGOEGESC014699
GGOEGHPB071610,GGOEGHPB071610
GGOEGOBC078699,GGOEGOBC078699
GGOEGAAX0081,GGOEGAAX0081
GGOEGFKA022299,GGOEGFKA022299
GGOEGGOA017399,GGOEGGOA017399
GGOEGOAA017199,GGOEGOAA017199
GGOEGOAB021499,GGOEGOAB021499
GGOEGOAQ018099,GGOEGOAQ018099
GGOEGOAQ020099,GGOEGOAQ020099
GGOEGOBG023599,GGOEGOBG023599
GGOEGOCB017499,GGOEGOCB017499
GGOEGOFH020299,GGOEGOFH020299
GGOEGOLC014299,GGOEGOLC014299
GGOEGAAX0309,GGOEGAAX0309
GGOEGAAX0361,GGOEGAAX0361
GGOEAHPA004110,GGOEAHPA004110
GGOEGAAX0732,GGOEGAAX0732
GGOEGDHC015299,GGOEGDHC015299
GGOEGDHQ014899,GGOEGDHQ014899
GGOENEBQ078999,GGOENEBQ078999
GGOENEBB078899,GGOENEBB078899
GGOENEBD084799,GGOENEBD084799
9180748,9180748
9180770,9180770
9180824,9180824
9182658,9182658
9182742,9182742
9182859,9182859
GGOEGACB023699,GGOEGACB023699
GGOEGGCX056299,GGOEGGCX056299
GGOEGGCX056499,GGOEGGCX056499
GGOEGESB015099,GGOEGESB015099
GGOEGESB015199,GGOEGESB015199
GGOEGCBB074399,GGOEGCBB074399
GGOENEBJ081899,GGOENEBJ081899
GGOENEBQ081799,GGOENEBQ081799
GGOEGOCR078499,GGOEGOCR078499
9181139,9181139
9182502,9182502
9182726,9182726
9183221,9183221
9183222,9183222
GGOEA0CH077599,GGOEA0CH077599
GGOEAAAB034814,GGOEAAAB034814
GGOEAAAB034815,GGOEAAAB034815
GGOEAAAB034915,GGOEAAAB034915
GGOEAAAH083315,GGOEAAAH083315
GGOEAAAJ031917,GGOEAAAJ031917
GGOEAAAJ032915,GGOEAAAJ032915
GGOEAAAL081114,GGOEAAAL081114
GGOEAAAP081217,GGOEAAAP081217
GGOEAAEH035216,GGOEAAEH035216
GGOEAAEJ033414,GGOEAAEJ033414
GGOEAAEJ035715,GGOEAAEJ035715
GGOEAAFB035913,GGOEAAFB035913
GGOEAAWJ062549,GGOEAAWJ062549
GGOEAAWJ062550,GGOEAAWJ062550
GGOEAAYJ068856,GGOEAAYJ068856
GGOEGAAB010514,GGOEGAAB010514
GGOEGAAB010515,GGOEGAAB010515
GGOEGAAB010516,GGOEGAAB010516
GGOEGAAB010517,GGOEGAAB010517
GGOEGAAB033814,GGOEGAAB033814
GGOEGAAB033817,GGOEGAAB033817
GGOEGAAB058915,GGOEGAAB058915
GGOEGAAC035017,GGOEGAAC035017
GGOEGAAH034013,GGOEGAAH034013
GGOEGAAH034014,GGOEGAAH034014
GGOEGAAH034015,GGOEGAAH034015
GGOEGAAJ032315,GGOEGAAJ032315
GGOEGAAJ032316,GGOEGAAJ032316
GGOEGAAJ032614,GGOEGAAJ032614
GGOEGAAJ032814,GGOEGAAJ032814
GGOEGAAJ057015,GGOEGAAJ057015
GGOEGAAJ080613,GGOEGAAJ080613
GGOEGAAJ080614,GGOEGAAJ080614
GGOEGAAL010613,GGOEGAAL010613
GGOEGAAL059013,GGOEGAAL059013
GGOEGAAQ010413,GGOEGAAQ010413
GGOEGAAQ010415,GGOEGAAQ010415
GGOEGAAQ033913,GGOEGAAQ033913
GGOEGAAR010717,GGOEGAAR010717
GGOEGADB056615,GGOEGADB056615
GGOEGADB056717,GGOEGADB056717
GGOEGADB056915,GGOEGADB056915
GGOEGADB057318,GGOEGADB057318
GGOEGADB059214,GGOEGADB059214
GGOEGADB059616,GGOEGADB059616
GGOEGADJ056814,GGOEGADJ056814
GGOEGADJ057113,GGOEGADJ057113
GGOEGAEA030413,GGOEGAEA030413
GGOEGAEB027814,GGOEGAEB027814
GGOEGAEC029115,GGOEGAEC029115
GGOEGAEC033113,GGOEGAEC033113
GGOEGAEC033114,GGOEGAEC033114
GGOEGAEJ029913,GGOEGAEJ029913
GGOEGAEJ030814,GGOEGAEJ030814
GGOEGAEJ031314,GGOEGAEJ031314
GGOEGAEJ031315,GGOEGAEJ031315
GGOEGAEQ027915,GGOEGAEQ027915
GGOEGAER029715,GGOEGAER029715
GGOEGAFB035813,GGOEGAFB035813
GGOEGAFB035815,GGOEGAFB035815
GGOEGAFB035816,GGOEGAFB035816
GGOEGAFJ036213,GGOEGAFJ036213
GGOEGAFJ036215,GGOEGAFJ036215
GGOEGALB034114,GGOEGALB034114
GGOEGALB034115,GGOEGALB034115
GGOEGALB036515,GGOEGALB036515
GGOEGALJ034414,GGOEGALJ034414
GGOEGALJ073313,GGOEGALJ073313
GGOEGALP036314,GGOEGALP036314
GGOEGALQ034214,GGOEGALQ034214
GGOEGALQ034215,GGOEGALQ034215
GGOEGAPB057816,GGOEGAPB057816
GGOEGAPB057817,GGOEGAPB057817
GGOEGAPB058613,GGOEGAPB058613
GGOEGAWH061348,GGOEGAWH061348
GGOEGAWN062749,GGOEGAWN062749
GGOEGAWN062750,GGOEGAWN062750
GGOEGAWQ062248,GGOEGAWQ062248
GGOEGAWQ062948,GGOEGAWQ062948
GGOEGAWQ062949,GGOEGAWQ062949
GGOEGAWQ062953,GGOEGAWQ062953
GGOEGAWR061148,GGOEGAWR061148
GGOEGAXJ065555,GGOEGAXJ065555
GGOEGAXJ065729,GGOEGAXJ065729
GGOEGAXQ067128,GGOEGAXQ067128
GGOEGAXQ067130,GGOEGAXQ067130
GGOEGAYC068326,GGOEGAYC068326
GGOEGAYT068524,GGOEGAYT068524
GGOEGBRB079599,GGOEGBRB079599
GGOEGCBC016999,GGOEGCBC016999
GGOEGHGC019799,GGOEGHGC019799
GGOEGHGH019699,GGOEGHGH019699
GGOEGHGT019599,GGOEGHGT019599
GGOEGHPB080410,GGOEGHPB080410
GGOEGHPJ080110,GGOEGHPJ080110
GGOEGHPL003214,GGOEGHPL003214
GGOEGOCC077999,GGOEGOCC077999
GGOEGOCR017899,GGOEGOCR017899
GGOEGPJC019099,GGOEGPJC019099
GGOEGPXR023199,GGOEGPXR023199
GGOENEBQ081599,GGOENEBQ081599
GGOEWAEA083899,GGOEWAEA083899
GGOEWFKA083299,GGOEWFKA083299
GGOEYAAB031816,GGOEYAAB031816
GGOEYAAJ033014,GGOEYAAJ033014
GGOEYAEA035114,GGOEYAEA035114
GGOEYAEA035115,GGOEYAEA035115
GGOEYAEJ029014,GGOEYAEJ029014
GGOEYAEJ029514,GGOEYAEJ029514
GGOEYAFB073113,GGOEYAFB073113
GGOEYAFB073116,GGOEYAFB073116
GGOEYAYR068624,GGOEYAYR068624
GGOEYAYR068625,GGOEYAYR068625
GGOEYAYR068656,GGOEYAYR068656
9182745,9182745
9184620,9184620
GGOEGXXX0845,GGOEGXXX0845
GGOEGBPB082099,GGOEGBPB082099
9182173,9182173
9183210,9183210
GGOEAAAB034916,GGOEAAAB034916
GGOEAAAB081013,GGOEAAAB081013
GGOEAAAB081014,GGOEAAAB081014
GGOEAAAH083313,GGOEAAAH083313
GGOEAAAH083316,GGOEAAAH083316
GGOEAAAH083317,GGOEAAAH083317
GGOEAAAJ031913,GGOEAAAJ031913
GGOEAAAJ032417,GGOEAAAJ032417
GGOEAAAJ032913,GGOEAAAJ032913
GGOEAAAJ080814,GGOEAAAJ080814
GGOEAAAL081113,GGOEAAAL081113
GGOEAAAL081116,GGOEAAAL081116
GGOEAAAP081213,GGOEAAAP081213
GGOEAAAP081215,GGOEAAAP081215
GGOEAAEJ030913,GGOEAAEJ030913
GGOEAAEJ033413,GGOEAAEJ033413
GGOEAAEJ035713,GGOEAAEJ035713
GGOEAAEJ035714,GGOEAAEJ035714
GGOEAAEJ035716,GGOEAAEJ035716
GGOEAAFB035915,GGOEAAFB035915
GGOEAAWJ062548,GGOEAAWJ062548
GGOEAAWN062648,GGOEAAWN062648
GGOEAAWT061748,GGOEAAWT061748
GGOEAAWT061749,GGOEAAWT061749
GGOEAAXC066455,GGOEAAXC066455
GGOEAAXN066330,GGOEAAXN066330
GGOEAHPB076114,GGOEAHPB076114
GGOEGAAB033813,GGOEGAAB033813
GGOEGAAB058918,GGOEGAAB058918
GGOEGAAC032113,GGOEGAAC032113
GGOEGAAC032116,GGOEGAAC032116
GGOEGAAC035014,GGOEGAAC035014
GGOEGAAJ032317,GGOEGAAJ032317
GGOEGAAJ032813,GGOEGAAJ032813
GGOEGAAJ057017,GGOEGAAJ057017
GGOEGAAJ059115,GGOEGAAJ059115
GGOEGAAQ033914,GGOEGAAQ033914
GGOEGAAQ033917,GGOEGAAQ033917
GGOEGAAR010713,GGOEGAAR010713
GGOEGADB056916,GGOEGADB056916
GGOEGADB056917,GGOEGADB056917
GGOEGADB057316,GGOEGADB057316
GGOEGADB059213,GGOEGADB059213
GGOEGADB059614,GGOEGADB059614
GGOEGADB059615,GGOEGADB059615
GGOEGADC059315,GGOEGADC059315
GGOEGADC059514,GGOEGADC059514
GGOEGADC059515,GGOEGADC059515
GGOEGADJ059714,GGOEGADJ059714
GGOEGADJ059718,GGOEGADJ059718
GGOEGADJ059814,GGOEGADJ059814
GGOEGAEB084517,GGOEGAEB084517
GGOEGAEC029113,GGOEGAEC029113
GGOEGAEC033116,GGOEGAEC033116
GGOEGAEC033117,GGOEGAEC033117
GGOEGAEJ030815,GGOEGAEJ030815
GGOEGAEJ035313,GGOEGAEJ035313
GGOEGAEJ035316,GGOEGAEJ035316
GGOEGAFJ036214,GGOEGAFJ036214
GGOEGAFJ036216,GGOEGAFJ036216
GGOEGALB036517,GGOEGALB036517
GGOEGALJ036413,GGOEGALJ036413
GGOEGALP034316,GGOEGALP034316
GGOEGALP036313,GGOEGALP036313
GGOEGALQ036613,GGOEGALQ036613
GGOEGAPB058212,GGOEGAPB058212
GGOEGAPB058214,GGOEGAPB058214
GGOEGAPB058215,GGOEGAPB058215
GGOEGAPB058217,GGOEGAPB058217
GGOEGAPJ058014,GGOEGAPJ058014
GGOEGAQB036016,GGOEGAQB036016
GGOEGATB060213,GGOEGATB060213
GGOEGATB060416,GGOEGATB060416
GGOEGATB060613,GGOEGATB060613
GGOEGATH060713,GGOEGATH060713
GGOEGATH060714,GGOEGATH060714
GGOEGAUC057713,GGOEGAUC057713
GGOEGAWH061349,GGOEGAWH061349
GGOEGAWH061350,GGOEGAWH061350
GGOEGAWQ062249,GGOEGAWQ062249
GGOEGAWQ062250,GGOEGAWQ062250
GGOEGAWR061053,GGOEGAWR061053
GGOEGAWR061149,GGOEGAWR061149
GGOEGAWR061154,GGOEGAWR061154
GGOEGAWR061849,GGOEGAWR061849
GGOEGAXC065228,GGOEGAXC065228
GGOEGAXC065255,GGOEGAXC065255
GGOEGAXC065630,GGOEGAXC065630
GGOEGAXC065655,GGOEGAXC065655
GGOEGAXJ065728,GGOEGAXJ065728
GGOEGAXL065930,GGOEGAXL065930
GGOEGAXR065130,GGOEGAXR065130
GGOEGAXR065155,GGOEGAXR065155
GGOEGAYB068024,GGOEGAYB068024
GGOEGAYB068025,GGOEGAYB068025
GGOEGAYB068026,GGOEGAYB068026
GGOEGAYH067925,GGOEGAYH067925
GGOEGAYH067956,GGOEGAYH067956
GGOEGAYH068456,GGOEGAYH068456
GGOEGAYQ069056,GGOEGAYQ069056
GGOEGAYR068224,GGOEGAYR068224
GGOEGAYR068256,GGOEGAYR068256
GGOEGOCL077699,GGOEGOCL077699
GGOEWAAJ082814,GGOEWAAJ082814
GGOEWALJ082713,GGOEWALJ082713
GGOEWFKA082999,GGOEWFKA082999
GGOEWFKA083099,GGOEWFKA083099
GGOEYAAB031817,GGOEYAAB031817
GGOEYAAJ032513,GGOEYAAJ032513
GGOEYAAJ032514,GGOEYAAJ032514
GGOEYAAJ032515,GGOEYAAJ032515
GGOEYAAJ033015,GGOEYAAJ033015
GGOEYAAJ033017,GGOEYAAJ033017
GGOEYAAQ031715,GGOEYAAQ031715
GGOEYAEA035113,GGOEYAEA035113
GGOEYAEA035116,GGOEYAEA035116
GGOEYAQB073216,GGOEYAQB073216
GGOEYAWJ061449,GGOEYAWJ061449
GGOEYAXR066129,GGOEYAXR066129
GGOEAAAJ032413,GGOEAAAJ032413
GGOEAAAJ080813,GGOEAAAJ080813
GGOEAAAJ080816,GGOEAAAJ080816
GGOEAAEJ033417,GGOEAAEJ033417
GGOEAAWT061753,GGOEAAWT061753
GGOEGAAJ032717,GGOEGAAJ032717
GGOEGAEJ028013,GGOEGAEJ028013
GGOEGAER035517,GGOEGAER035517
GGOEGAPB057514,GGOEGAPB057514
GGOEGAWR061153,GGOEGAWR061153
GGOEGAXR065129,GGOEGAXR065129
GGOEGAYL068156,GGOEGAYL068156
GGOEGAYQ069026,GGOEGAYQ069026
GGOEGAYR068226,GGOEGAYR068226
GGOEYAQB073217,GGOEYAQB073217
9182750,9182750
9180764,9180764
9182812,9182812
9183205,9183205
9183241,9183241
9184721,9184721
9182383,9182383
9182773,9182773
9182774,9182774
9180809,9180809
9182909,9182909
9183225,9183225
9183226,9183226
9184676,9184676
9184675,9184675
9182706,9182706
9182793,9182793
9182995,9182995
9182999,9182999
9183188,9183188
9184705,9184705
9182806,9182806
9180813,9180813
9183196,9183196
9182553,9182553
9180811,9180811
9184682,9184682
GGOEAXXX0810,GGOEAXXX0810
GGOEGXXX0806,GGOEGXXX0806
GGOEWXXX0827,GGOEWXXX0827
GGOEWXXX0828,GGOEWXXX0828
GGOEWXXX0835,GGOEWXXX0835
9183118,9183118
GGOEAAAJ031916,GGOEAAAJ031916
GGOEAAAJ080817,GGOEAAAJ080817
GGOEAAEB028313,GGOEAAEB028313
GGOEGADC059517,GGOEGADC059517
GGOEGADJ059717,GGOEGADJ059717
GGOEGAEJ030813,GGOEGAEJ030813
GGOEGALJ073314,GGOEGALJ073314
GGOEGALQ034217,GGOEGALQ034217
GGOEGALQ036617,GGOEGALQ036617
GGOEGAPB058216,GGOEGAPB058216
9182740,9182740
9183203,9183203
9184698,9184698
9182997,9182997
9182816,9182816
9181151,9181151
9180850,9180850
9182754,9182754
9182903,9182903
9183096,9183096
GGOEAAEH035217,GGOEAAEH035217
GGOEAAXC066430,GGOEAAXC066430
GGOEAAYC068726,GGOEAAYC068726
GGOEAAYJ068824,GGOEAAYJ068824
GGOEAHPB076113,GGOEAHPB076113
GGOEGAAQ057213,GGOEGAAQ057213
GGOEGAEA030614,GGOEGAEA030614
GGOEGAEJ028917,GGOEGAEJ028917
GGOEGALJ057915,GGOEGALJ057915
GGOEGALJ060115,GGOEGALJ060115
GGOEGAPJ058012,GGOEGAPJ058012
GGOEYAEB028415,GGOEYAEB028415
GGOEYAEJ029615,GGOEYAEJ029615
GGOEYAEJ029616,GGOEYAEJ029616
9183152,9183152
9182705,9182705
9184695,9184695
9180868,9180868
9184708,9184708
9182738,9182738
GGOEAXXX0811,GGOEAXXX0811
GGOEAXXX0812,GGOEAXXX0812
9183086,9183086
9182179,9182179
GGOEGAAJ057018,GGOEGAAJ057018
GGOEGAEJ028915,GGOEGAEJ028915
GGOEGAEJ028916,GGOEGAEJ028916
GGOEGAEJ029915,GGOEGAEJ029915
GGOEGATH060715,GGOEGATH060715
GGOEGAXR066028,GGOEGAXR066028
GGOEGAXR066029,GGOEGAXR066029
GGOEGADC059317,GGOEGADC059317
GGOEGAPJ058016,GGOEGAPJ058016
GGOEGAXR066030,GGOEGAXR066030
GGOEGAEJ030817,GGOEGAEJ030817
GGOEGAPB057517,GGOEGAPB057517
GGOEGAER029717,GGOEGAER029717
GGOEGALJ072916,GGOEGALJ072916
GGOEGAPB058617,GGOEGAPB058617
GGOEGAWC061948,GGOEGAWC061948
GGOEAAEB028314,GGOEAAEB028314
GGOEGATH060717,GGOEGATH060717
GGOEAAEJ028215,GGOEAAEJ028215
GGOEAAEJ028216,GGOEAAEJ028216