country_name,population
Taiwan,
Kiribati,
Macao,
Tonga,
Kosovo,
Hong Kong,
Turkmenistan,
Taiwan,
Hong Kong,
Kiribati,
Macao,
Turkmenistan,
Tonga,
Kosovo,
Macao,
Kiribati,
Kosovo,
Turkmenistan,
Taiwan,
Hong Kong,
Tonga,
Hong Kong,
Taiwan,
Kiribati,
Macao,
Kosovo,
Turkmenistan,
Tonga,
Hong Kong,
Taiwan,
Tonga,
Kiribati,
Macao,
Kosovo,
Turkmenistan,
Taiwan,
Hong Kong,
Kiribati,
Macao,
Tonga,
Turkmenistan,
Kosovo,
Hong Kong,
Taiwan,
Tonga,
Macao,
Kosovo,
Kiribati,
Turkmenistan,
Taiwan,
Hong Kong,
Kiribati,
Tonga,
Macao,
Turkmenistan,
Kosovo,
Taiwan,
Hong Kong,
Kiribati,
Macao,
Tonga,
Turkmenistan,
Kosovo,
Taiwan,
Hong Kong,
Kiribati,
Macao,
Kosovo,
Turkmenistan,
Tonga,
Taiwan,
Hong Kong,
Kiribati,
Macao,
Tonga,
Turkmenistan,
Kosovo,
Taiwan,
Hong Kong,
Kiribati,
Macao,
Tonga,
Turkmenistan,
Kosovo,
Kiribati,
Tonga,
Taiwan,
Hong Kong,
Macao,
Kosovo,
Turkmenistan,
Taiwan,
Hong Kong,
Macao,
Tonga,
Kiribati,
Kosovo,
Turkmenistan,
Taiwan,
Kiribati,
Macao,
Tonga,
Hong Kong,
Turkmenistan,
Kosovo,
Taiwan,
Hong Kong,
Kiribati,
Tonga,
Macao,
Turkmenistan,
Kosovo,
Hong Kong,
Taiwan,
Macao,
Kiribati,
Tonga,
Kosovo,
Turkmenistan,
Hong Kong,
Taiwan,
Kiribati,
Macao,
Kosovo,
Tonga,
Turkmenistan,
Macao,
Kiribati,
Tonga,
Kosovo,
Hong Kong,
Taiwan,
Turkmenistan,
Taiwan,
Hong Kong,
Kiribati,
Macao,
Tonga,
Turkmenistan,
Kosovo,
Hong Kong,
Taiwan,
Tonga,
Macao,
Kiribati,
Turkmenistan,
Kosovo,
Taiwan,
Hong Kong,
Macao,
Tonga,
Kiribati,
Kosovo,
Turkmenistan,
Taiwan,
Tonga,
Kiribati,
Macao,
Hong Kong,
Kosovo,
Turkmenistan,
Taiwan,
Hong Kong,
Kiribati,
Tonga,
Macao,
Turkmenistan,
Kosovo,
Taiwan,
Kiribati,
Macao,
Tonga,
Hong Kong,
Turkmenistan,
Kosovo,
Taiwan,
Hong Kong,
Turkmenistan,
Kiribati,
Tonga,
Kosovo,
Macao,
Taiwan,
Hong Kong,
Kiribati,
Macao,
Tonga,
Kosovo,
Turkmenistan,
Taiwan,
Hong Kong,
Kiribati,
Tonga,
Macao,
Kosovo,
Turkmenistan,
Taiwan,
Hong Kong,
Kiribati,
Macao,
Turkmenistan,
Tonga,
Kosovo,
Kiribati,
Macao,
Tonga,
Taiwan,
Hong Kong,
Turkmenistan,
Kosovo,
Hong Kong,
Taiwan,
Macao,
Kiribati,
Tonga,
Turkmenistan,
Kosovo,
Taiwan,
Hong Kong,
Kiribati,
Macao,
Tonga,
Turkmenistan,
Kosovo,
Hong Kong,
Taiwan,
Kosovo,
Tonga,
Macao,
Kiribati,
Turkmenistan,
Kiribati,
Macao,
Taiwan,
Tonga,
Kosovo,
Hong Kong,
Turkmenistan,
Taiwan,
Hong Kong,
Kiribati,
Macao,
Tonga,
Kosovo,
Turkmenistan,
Taiwan,
Hong Kong,
Kiribati,
Macao,
Turkmenistan,
Tonga,
Kosovo,
Taiwan,
Hong Kong,
Kiribati,
Tonga,
Turkmenistan,
Kosovo,
Macao,
Taiwan,
Hong Kong,
Tonga,
Kiribati,
Macao,
Kosovo,
Turkmenistan,
Taiwan,
Hong Kong,
Kiribati,
Macao,
Tonga,
Turkmenistan,
Kosovo,
Taiwan,
Hong Kong,
Kiribati,
Macao,
Tonga,
Turkmenistan,
Kosovo,
Taiwan,
Hong Kong,
Kiribati,
Tonga,
Macao,
Turkmenistan,
Kosovo,
Taiwan,
Hong Kong,
Kiribati,
Tonga,
Macao,
Turkmenistan,
Kosovo,
Taiwan,
Kiribati,
Macao,
Tonga,
Turkmenistan,
Hong Kong,
Kosovo,
Taiwan,
Hong Kong,
Tonga,
Turkmenistan,
Kiribati,
Macao,
Kosovo,
Kiribati,
Macao,
Turkmenistan,
Kosovo,
Taiwan,
Hong Kong,
Tonga,
Taiwan,
Kiribati,
Tonga,
Macao,
Hong Kong,
Turkmenistan,
Kosovo,
Taiwan,
Hong Kong,
Kiribati,
Macao,
Tonga,
Turkmenistan,
Kosovo,
Taiwan,
Kiribati,
Macao,
Tonga,
Turkmenistan,
Hong Kong,
Kosovo,
Taiwan,
Hong Kong,
Tonga,
Turkmenistan,
Kosovo,
Macao,
Kiribati,
Taiwan,
Hong Kong,
Kiribati,
Macao,
Tonga,
Turkmenistan,
Kosovo,
Taiwan,
Hong Kong,
Tonga,
Turkmenistan,
Kiribati,
Macao,
Kosovo,
Taiwan,
Hong Kong,
Kiribati,
Macao,
Tonga,
Turkmenistan,
Kosovo,
Taiwan,
Hong Kong,
Tonga,
Macao,
Kiribati,
Kosovo,
Turkmenistan,
Macao,
Kiribati,
Kosovo,
Tonga,
Taiwan,
Hong Kong,
Turkmenistan,
Taiwan,
Hong Kong,
Kiribati,
Macao,
Tonga,
Kosovo,
Turkmenistan,
Hong Kong,
Taiwan,
Macao,
Kiribati,
Kosovo,
Tonga,
Turkmenistan,
Taiwan,
Hong Kong,
Macao,
Kiribati,
Turkmenistan,
Tonga,
Kosovo,
Taiwan,
Kiribati,
Macao,
Tonga,
Hong Kong,
Turkmenistan,
Kosovo,
Taiwan,
Kiribati,
Macao,
Tonga,
Turkmenistan,
Hong Kong,
Kosovo,
Taiwan,
Hong Kong,
Kiribati,
Macao,
Tonga,
Turkmenistan,
Kosovo,
Taiwan,
Hong Kong,
Kiribati,
Macao,
Tonga,
Turkmenistan,
Kosovo,
Macao,
Taiwan,
Kiribati,
Tonga,
Turkmenistan,
Hong Kong,
Kosovo,
Hong Kong,
Macao,
Tonga,
Taiwan,
Kiribati,
Kosovo,
Turkmenistan,
Kiribati,
Macao,
Hong Kong,
Kosovo,
Tonga,
Taiwan,
Turkmenistan,
Taiwan,
Hong Kong,
Kiribati,
Macao,
Kosovo,
Turkmenistan,
Tonga,
Hong Kong,
Taiwan,
Tonga,
Macao,
Kosovo,
Turkmenistan,
Kiribati,
Taiwan,
Kiribati,
Turkmenistan,
Tonga,
Macao,
Hong Kong,
Kosovo,
Taiwan,
Hong Kong,
Macao,
Tonga,
Kiribati,
Kosovo,
Turkmenistan,
Taiwan,
Hong Kong,
Macao,
Turkmenistan,
Kiribati,
Kosovo,
Tonga,
Hong Kong,
Taiwan,
Kiribati,
Macao,
Kosovo,
Turkmenistan,
Tonga,
Taiwan,
Hong Kong,
Kosovo,
Kiribati,
Tonga,
Macao,
Turkmenistan,
Taiwan,
Hong Kong,
Tonga,
Macao,
Kiribati,
Turkmenistan,
Kosovo,
Hong Kong,
Taiwan,
Kiribati,
Kosovo,
Turkmenistan,
Tonga,
Macao,
Hong Kong,
Kosovo,
Tonga,
Macao,
Kiribati,
Taiwan,
Turkmenistan,
Kiribati,
Tonga,
Turkmenistan,
Kosovo,
Macao,
Taiwan,
Hong Kong,
Taiwan,
Hong Kong,
Kiribati,
Turkmenistan,
Macao,
Tonga,
Kosovo,
Taiwan,
Hong Kong,
Kiribati,
Macao,
Tonga,
Turkmenistan,
Kosovo,
Kiribati,
Macao,
Taiwan,
Tonga,
Kosovo,
Hong Kong,
Turkmenistan,
Taiwan,
Hong Kong,
Kiribati,
Macao,
Tonga,
Turkmenistan,
Kosovo,
Hong Kong,
Taiwan,
Kiribati,
Tonga,
Macao,
Kosovo,
Turkmenistan,
Kiribati,
Taiwan,
Hong Kong,
Tonga,
Kosovo,
Macao,
Turkmenistan,
Macao,
Kiribati,
Tonga,
Kosovo,
Taiwan,
Hong Kong,
Turkmenistan,
Taiwan,
Kiribati,
Macao,
Tonga,
Turkmenistan,
Kosovo,
Hong Kong,
Taiwan,
Hong Kong,
Kiribati,
Macao,
Tonga,
Turkmenistan,
Kosovo,
Hong Kong,
Taiwan,
Kiribati,
Macao,
Kosovo,
Turkmenistan,
Tonga,
Taiwan,
Hong Kong,
Kiribati,
Macao,
Tonga,
Kosovo,
Turkmenistan,
Tonga,
Macao,
Kiribati,
Taiwan,
Hong Kong,
Turkmenistan,
Kosovo,
Hong Kong,
Taiwan,
Kiribati,
Kosovo,
Turkmenistan,
Tonga,
Macao,
Macao,
Kosovo,
Tonga,
Hong Kong,
Taiwan,
Kiribati,
Turkmenistan,
Kiribati,
Macao,
Taiwan,
Tonga,
Kosovo,
Hong Kong,
Turkmenistan,
Taiwan,
Hong Kong,
Kiribati,
Macao,
Turkmenistan,
Kosovo,
Tonga,
Hong Kong,
Kosovo,
Tonga,
Macao,
Taiwan,
Kiribati,
Turkmenistan,
Taiwan,
Hong Kong,
Macao,
Kiribati,
Tonga,
Turkmenistan,
Kosovo,
Taiwan,
Hong Kong,
Tonga,
Macao,
Turkmenistan,
Kiribati,
Kosovo,
Taiwan,
Hong Kong,
Kiribati,
Macao,
Tonga,
Kosovo,
Turkmenistan,
Hong Kong,
Taiwan,
Macao,
Kiribati,
Tonga,
Turkmenistan,
Kosovo,
Macao,
Kiribati,
Kosovo,
Turkmenistan,
Hong Kong,
Taiwan,
Tonga,
Taiwan,
Tonga,
Macao,
Kiribati,
Turkmenistan,
Hong Kong,
Kosovo,
Kiribati,
Macao,
Taiwan,
Tonga,
Kosovo,
Hong Kong,
Turkmenistan,
Hong Kong,
Taiwan,
Kosovo,
Tonga,
Macao,
Kiribati,
Turkmenistan,
Taiwan,
Hong Kong,
Kiribati,
Macao,
Tonga,
Turkmenistan,
Kosovo,
Taiwan,
Hong Kong,
Kiribati,
Tonga,
Turkmenistan,
Macao,
Kosovo,
Taiwan,
Macao,
Tonga,
Kiribati,
Turkmenistan,
Hong Kong,
Kosovo,
Taiwan,
Hong Kong,
Kiribati,
Tonga,
Macao,
Kosovo,
Turkmenistan,
Taiwan,
Hong Kong,
Kiribati,
Macao,
Tonga,
Turkmenistan,
Kosovo,
Macao,
Kiribati,
Kosovo,
Tonga,
Hong Kong,
Taiwan,
Turkmenistan,
Taiwan,
Hong Kong,
Tonga,
Macao,
Kiribati,
Turkmenistan,
Kosovo,
Tonga,
Macao,
Kiribati,
Taiwan,
Hong Kong,
Turkmenistan,
Kosovo,
Kiribati,
Macao,
Taiwan,
Hong Kong,
Tonga,
Kosovo,
Turkmenistan,
Taiwan,
Hong Kong,
Tonga,
Macao,
Kiribati,
Kosovo,
Turkmenistan,
Taiwan,
Hong Kong,
Kiribati,
Macao,
Tonga,
Turkmenistan,
Kosovo,
Kiribati,
Tonga,
Hong Kong,
Taiwan,
Macao,
Kosovo,
Turkmenistan,
Taiwan,
Kiribati,
Macao,
Turkmenistan,
Hong Kong,
Tonga,
Kosovo,
Kiribati,
Taiwan,
Hong Kong,
Macao,
Tonga,
Turkmenistan,
Kosovo,
Taiwan,
Kiribati,
Macao,
Tonga,
Hong Kong,
Turkmenistan,
Kosovo,
Taiwan,
Kiribati,
Macao,
Tonga,
Hong Kong,
Kosovo,
Turkmenistan,
Macao,
Kiribati,
Hong Kong,
Tonga,
Kosovo,
Taiwan,
Turkmenistan,
Kiribati,
Tonga,
Hong Kong,
Taiwan,
Macao,
Kosovo,
Turkmenistan,
Taiwan,
Tonga,
Macao,
Kosovo,
Turkmenistan,
Kiribati,
Hong Kong,
Taiwan,
Tonga,
Macao,
Kiribati,
Turkmenistan,
Hong Kong,
Kosovo,
Taiwan,
Hong Kong,
Kiribati,
Macao,
Tonga,
Kosovo,
Turkmenistan,
Taiwan,
Macao,
Kiribati,
Tonga,
Hong Kong,
Turkmenistan,
Kosovo,
Taiwan,
Hong Kong,
Kiribati,
Tonga,
Kosovo,
Turkmenistan,
Macao,
Kiribati,
Turkmenistan,
Kosovo,
Macao,
Taiwan,
Hong Kong,
Tonga,
Kiribati,
Macao,
Taiwan,
Hong Kong,
Tonga,
Kosovo,
Turkmenistan,
Taiwan,
Hong Kong,
Kiribati,
Macao,
Turkmenistan,
Tonga,
Kosovo,
Taiwan,
Hong Kong,
Tonga,
Macao,
Kiribati,
Kosovo,
Turkmenistan,
Kiribati,
Macao,
Tonga,
Hong Kong,
Taiwan,
Kosovo,
Turkmenistan,
Macao,
Kiribati,
Taiwan,
Tonga,
Kosovo,
Hong Kong,
Turkmenistan,
Taiwan,
Hong Kong,
Kiribati,
Macao,
Kosovo,
Turkmenistan,
Tonga,
Hong Kong,
Kosovo,
Tonga,
Macao,
Kiribati,
Taiwan,
Turkmenistan,
Hong Kong,
Kiribati,
Tonga,
Macao,
Kosovo,
Turkmenistan,
Taiwan,
Kiribati,
Macao,
Kosovo,
Tonga,
Hong Kong,
Taiwan,
Turkmenistan,
Taiwan,
Hong Kong,
Macao,
Tonga,
Kiribati,
Turkmenistan,
Kosovo,
Hong Kong,
Taiwan,
Kiribati,
Macao,
Kosovo,
Turkmenistan,
Tonga,
Hong Kong,
Taiwan,
Kosovo,
Tonga,
Macao,
Kiribati,
Turkmenistan,
Hong Kong,
Kosovo,
Kiribati,
Tonga,
Turkmenistan,
Macao,
Taiwan,
Taiwan,
Tonga,
Macao,
Turkmenistan,
Kiribati,
Kosovo,
Hong Kong,
Taiwan,
Hong Kong,
Macao,
Tonga,
Kiribati,
Turkmenistan,
Kosovo,
Taiwan,
Hong Kong,
Macao,
Kiribati,
Tonga,
Turkmenistan,
Kosovo,
Taiwan,
Kiribati,
Macao,
Tonga,
Hong Kong,
Kosovo,
Turkmenistan,
Macao,
Taiwan,
Hong Kong,
Kiribati,
Tonga,
Kosovo,
Turkmenistan,
Taiwan,
Hong Kong,
Kiribati,
Macao,
Tonga,
Turkmenistan,
Kosovo,
Kiribati,
Tonga,
Macao,
Kosovo,
Hong Kong,
Taiwan,
Turkmenistan,
Taiwan,
Hong Kong,
Macao,
Turkmenistan,
Kiribati,
Tonga,
Kosovo,
Tonga,
Macao,
Kiribati,
Taiwan,
Hong Kong,
Turkmenistan,
Kosovo,
Kiribati,
Macao,
Taiwan,
Tonga,
Kosovo,
Hong Kong,
Turkmenistan,
Taiwan,
Hong Kong,
Tonga,
Kiribati,
Macao,
Turkmenistan,
Kosovo,
Macao,
Tonga,
Kiribati,
Turkmenistan,
Taiwan,
Hong Kong,
Kosovo,
Hong Kong,
Macao,
Kosovo,
Tonga,
Kiribati,
Taiwan,
Turkmenistan,
Taiwan,
Hong Kong,
Tonga,
Kiribati,
Macao,
Turkmenistan,
Kosovo,
Taiwan,
Hong Kong,
Kiribati,
Macao,
Tonga,
Turkmenistan,
Kosovo,
Taiwan,
Hong Kong,
Turkmenistan,
Kiribati,
Tonga,
Kosovo,
Macao,
Kiribati,
Macao,
Hong Kong,
Taiwan,
Turkmenistan,
Kosovo,
Tonga,
Taiwan,
Hong Kong,
Kiribati,
Macao,
Tonga,
Turkmenistan,
Kosovo,
Hong Kong,
Taiwan,
Kiribati,
Macao,
Kosovo,
Turkmenistan,
Tonga,
Hong Kong,
Taiwan,
Macao,
Kiribati,
Kosovo,
Tonga,
Turkmenistan,
Hong Kong,
Taiwan,
Tonga,
Turkmenistan,
Macao,
Kiribati,
Kosovo,
Kiribati,
Macao,
Taiwan,
Tonga,
Kosovo,
Hong Kong,
Turkmenistan,
Taiwan,
Kiribati,
Tonga,
Kosovo,
Macao,
Turkmenistan,
Hong Kong,
Macao,
Kiribati,
Hong Kong,
Taiwan,
Tonga,
Kosovo,
Turkmenistan,
Kiribati,
Macao,
Taiwan,
Hong Kong,
Tonga,
Kosovo,
Turkmenistan,
Taiwan,
Kiribati,
Macao,
Tonga,
Kosovo,
Hong Kong,
Turkmenistan,
Taiwan,
Hong Kong,
Kiribati,
Tonga,
Macao,
Kosovo,
Turkmenistan,
Hong Kong,
Taiwan,
Kiribati,
Macao,
Kosovo,
Turkmenistan,
Tonga,
Taiwan,
Kiribati,
Turkmenistan,
Macao,
Tonga,
Hong Kong,
Kosovo,
Hong Kong,
Kosovo,
Tonga,
Macao,
Kiribati,
Taiwan,
Turkmenistan,
Kiribati,
Macao,
Taiwan,
Tonga,
Kosovo,
Hong Kong,
Turkmenistan,
Kiribati,
Macao,
Taiwan,
Tonga,
Kosovo,
Hong Kong,
Turkmenistan,
Taiwan,
Hong Kong,
Kiribati,
Macao,
Tonga,
Kosovo,
Turkmenistan,
Taiwan,
Hong Kong,
Turkmenistan,
Kiribati,
Macao,
Tonga,
Kosovo,
Taiwan,
Kiribati,
Tonga,
Macao,
Hong Kong,
Turkmenistan,
Kosovo,
Taiwan,
Hong Kong,
Kiribati,
Macao,
Tonga,
Turkmenistan,
Kosovo,
Macao,
Tonga,
Kiribati,
Taiwan,
Hong Kong,
Kosovo,
Turkmenistan,
Taiwan,
Kiribati,
Tonga,
Macao,
Hong Kong,
Turkmenistan,
Kosovo,
Kiribati,
Macao,
Taiwan,
Hong Kong,
Tonga,
Turkmenistan,
Kosovo,
Taiwan,
Hong Kong,
Macao,
Kiribati,
Tonga,
Turkmenistan,
Kosovo,
Kiribati,
Kosovo,
Macao,
Tonga,
Turkmenistan,
Hong Kong,
Taiwan,
Tonga,
Macao,
Kiribati,
Kosovo,
Taiwan,
Hong Kong,
Turkmenistan,
Taiwan,
Hong Kong,
Kiribati,
Macao,
Tonga,
Turkmenistan,
Kosovo,
Taiwan,
Hong Kong,
Kiribati,
Tonga,
Macao,
Turkmenistan,
Kosovo,
Hong Kong,
Taiwan,
Kiribati,
Macao,
Turkmenistan,
Tonga,
Kosovo,
Hong Kong,
Taiwan,
Kiribati,
Tonga,
Macao,
Kosovo,
Turkmenistan,
Taiwan,
Hong Kong,
Tonga,
Macao,
Kiribati,
Kosovo,
Turkmenistan,
Taiwan,
Hong Kong,
Kiribati,
Macao,
Tonga,
Turkmenistan,
Kosovo,
Macao,
Kiribati,
Hong Kong,
Taiwan,
Tonga,
Kosovo,
Turkmenistan,
Taiwan,
Hong Kong,
Kiribati,
Macao,
Tonga,
Kosovo,
Turkmenistan,
Hong Kong,
Taiwan,
Kiribati,
Macao,
Kosovo,
Turkmenistan,
Tonga,
Taiwan,
Hong Kong,
Kiribati,
Tonga,
Macao,
Turkmenistan,
Kosovo,
Taiwan,
Kiribati,
Tonga,
Macao,
Hong Kong,
Kosovo,
Turkmenistan,
Taiwan,
Kiribati,
Macao,
Tonga,
Hong Kong,
Turkmenistan,
Kosovo,
Macao,
Kiribati,
Tonga,
Kosovo,
Taiwan,
Hong Kong,
Turkmenistan,
Kiribati,
Macao,
Kosovo,
Turkmenistan,
Tonga,
Taiwan,
Hong Kong,
Taiwan,
Hong Kong,
Kiribati,
Macao,
Tonga,
Kosovo,
Turkmenistan,
Hong Kong,
Taiwan,
Kiribati,
Macao,
Kosovo,
Turkmenistan,
Tonga,
Hong Kong,
Turkmenistan,
Tonga,
Kiribati,
Kosovo,
Taiwan,
Macao,
Taiwan,
Hong Kong,
Kiribati,
Macao,
Tonga,
Kosovo,
Turkmenistan,
Taiwan,
Hong Kong,
Kiribati,
Macao,
Tonga,
Kosovo,
Turkmenistan,
Taiwan,
Hong Kong,
Kiribati,
Tonga,
Macao,
Turkmenistan,
Kosovo,
Hong Kong,
Kiribati,
Tonga,
Turkmenistan,
Kosovo,
Macao,
Taiwan,
Taiwan,
Hong Kong,
Kiribati,
Macao,
Tonga,
Turkmenistan,
Kosovo,
Taiwan,
Hong Kong,
Kiribati,
Macao,
Tonga,
Turkmenistan,
Kosovo,
Taiwan,
Hong Kong,
Kiribati,
Macao,
Tonga,
Turkmenistan,
Kosovo,
Hong Kong,
Taiwan,
Kosovo,
Tonga,
Macao,
Kiribati,
Turkmenistan,
Taiwan,
Kiribati,
Macao,
Tonga,
Hong Kong,
Turkmenistan,
Kosovo,
Taiwan,
Macao,
Tonga,
Kiribati,
Turkmenistan,
Kosovo,
Hong Kong,
Taiwan,
Hong Kong,
Kiribati,
Tonga,
Turkmenistan,
Macao,
Kosovo,
Tonga,
Macao,
Kiribati,
Taiwan,
Hong Kong,
Turkmenistan,
Kosovo,
Hong Kong,
Taiwan,
Kiribati,
Macao,
Kosovo,
Turkmenistan,
Tonga,
Taiwan,
Kiribati,
Macao,
Tonga,
Hong Kong,
Turkmenistan,
Kosovo,
Taiwan,
Kiribati,
Macao,
Tonga,
Hong Kong,
Turkmenistan,
Kosovo,
Hong Kong,
Taiwan,
Tonga,
Macao,
Kiribati,
Turkmenistan,
Kosovo,
Hong Kong,
Taiwan,
Kiribati,
Macao,
Tonga,
Kosovo,
Turkmenistan,
Hong Kong,
Taiwan,
Macao,
Kiribati,
Tonga,
Kosovo,
Turkmenistan,
Taiwan,
Hong Kong,
Kiribati,
Tonga,
Macao,
Turkmenistan,
Kosovo,
Taiwan,
Hong Kong,
Kiribati,
Macao,
Tonga,
Turkmenistan,
Kosovo,
Tonga,
Macao,
Taiwan,
Hong Kong,
Kiribati,
Turkmenistan,
Kosovo,
Taiwan,
Hong Kong,
Tonga,
Turkmenistan,
Kiribati,
Macao,
Kosovo,
Kiribati,
Macao,
Tonga,
Taiwan,
Hong Kong,
Turkmenistan,
Kosovo,
Taiwan,
Hong Kong,
Kiribati,
Macao,
Tonga,
Kosovo,
Turkmenistan,
Taiwan,
Hong Kong,
Kiribati,
Tonga,
Macao,
Turkmenistan,
Kosovo,
Tonga,
Kiribati,
Macao,
Taiwan,
Hong Kong,
Turkmenistan,
Kosovo,
Hong Kong,
Tonga,
Macao,
Turkmenistan,
Kiribati,
Kosovo,
Taiwan,