country_name,country_area
Cape Verde,
South Korea,
Bahamas,
Czech Republic,
Kyrgyz Republic,
Macao,
Myanmar,
Palestine,
United States Virgin Islands,
Faeroe Islands,
Slovak Republic,
Gambia,
Congo,
Democratic Republic of Congo,
Cape Verde,
South Korea,
Gambia,
Democratic Republic of Congo,
Congo,
Palestine,
Macao,
Bahamas,
Myanmar,
Faeroe Islands,
Czech Republic,
United States Virgin Islands,
Kyrgyz Republic,
Slovak Republic,
Cape Verde,
United States Virgin Islands,
Macao,
South Korea,
Bahamas,
Slovak Republic,
Myanmar,
Gambia,
Czech Republic,
Faeroe Islands,
Congo,
Democratic Republic of Congo,
Kyrgyz Republic,
Palestine,
Macao,
Bahamas,
Cape Verde,
South Korea,
Gambia,
Faeroe Islands,
Slovak Republic,
United States Virgin Islands,
Czech Republic,
Kyrgyz Republic,
Democratic Republic of Congo,
Myanmar,
Congo,
Palestine,
Cape Verde,
South Korea,
United States Virgin Islands,
Macao,
Czech Republic,
Gambia,
Kyrgyz Republic,
Slovak Republic,
Democratic Republic of Congo,
Congo,
Palestine,
Bahamas,
Myanmar,
Faeroe Islands,
South Korea,
Cape Verde,
Macao,
Faeroe Islands,
Kyrgyz Republic,
Palestine,
Slovak Republic,
Czech Republic,
Myanmar,
Gambia,
Congo,
United States Virgin Islands,
Democratic Republic of Congo,
Bahamas,
South Korea,
Cape Verde,
Faeroe Islands,
Macao,
Gambia,
Kyrgyz Republic,
Bahamas,
United States Virgin Islands,
Slovak Republic,
Palestine,
Democratic Republic of Congo,
Czech Republic,
Myanmar,
Congo,
South Korea,
Cape Verde,
Macao,
Democratic Republic of Congo,
Bahamas,
Gambia,
Faeroe Islands,
Congo,
Palestine,
Czech Republic,
United States Virgin Islands,
Kyrgyz Republic,
Myanmar,
Slovak Republic,
Faeroe Islands,
Macao,
Gambia,
Kyrgyz Republic,
Myanmar,
Bahamas,
South Korea,
Cape Verde,
United States Virgin Islands,
Congo,
Slovak Republic,
Palestine,
Czech Republic,
Democratic Republic of Congo,
Cape Verde,
South Korea,
Democratic Republic of Congo,
Gambia,
Kyrgyz Republic,
Macao,
United States Virgin Islands,
Myanmar,
Bahamas,
Faeroe Islands,
Congo,
Palestine,
Slovak Republic,
Czech Republic,
South Korea,
Cape Verde,
Democratic Republic of Congo,
Gambia,
Bahamas,
Myanmar,
Congo,
Kyrgyz Republic,
Palestine,
Faeroe Islands,
United States Virgin Islands,
Czech Republic,
Macao,
Slovak Republic,
Cape Verde,
Palestine,
United States Virgin Islands,
Macao,
Congo,
South Korea,
Democratic Republic of Congo,
Myanmar,
Slovak Republic,
Czech Republic,
Faeroe Islands,
Bahamas,
Kyrgyz Republic,
Gambia,
Macao,
Democratic Republic of Congo,
Gambia,
Cape Verde,
Myanmar,
Bahamas,
South Korea,
Congo,
Slovak Republic,
United States Virgin Islands,
Faeroe Islands,
Czech Republic,
Palestine,
Kyrgyz Republic,
Macao,
South Korea,
Gambia,
Congo,
Faeroe Islands,
United States Virgin Islands,
Cape Verde,
Democratic Republic of Congo,
Bahamas,
Slovak Republic,
Kyrgyz Republic,
Palestine,
Czech Republic,
Myanmar,
South Korea,
Cape Verde,
Kyrgyz Republic,
Gambia,
Macao,
Congo,
Myanmar,
Democratic Republic of Congo,
Bahamas,
United States Virgin Islands,
Czech Republic,
Slovak Republic,
Palestine,
Faeroe Islands,
Cape Verde,
South Korea,
Bahamas,
Czech Republic,
Gambia,
Kyrgyz Republic,
Myanmar,
Palestine,
Slovak Republic,
United States Virgin Islands,
Macao,
Faeroe Islands,
Democratic Republic of Congo,
Congo,
Cape Verde,
South Korea,
Democratic Republic of Congo,
Gambia,
Congo,
Palestine,
Bahamas,
Czech Republic,
Macao,
United States Virgin Islands,
Myanmar,
Faeroe Islands,
Slovak Republic,
Kyrgyz Republic,
Macao,
Bahamas,
South Korea,
Cape Verde,
Faeroe Islands,
Slovak Republic,
Czech Republic,
United States Virgin Islands,
Gambia,
Kyrgyz Republic,
Myanmar,
Congo,
Democratic Republic of Congo,
Palestine,
South Korea,
Cape Verde,
Democratic Republic of Congo,
Kyrgyz Republic,
United States Virgin Islands,
Macao,
Congo,
Faeroe Islands,
Slovak Republic,
Myanmar,
Czech Republic,
Gambia,
Bahamas,
Palestine,
South Korea,
Cape Verde,
Macao,
Gambia,
Democratic Republic of Congo,
Bahamas,
Myanmar,
Faeroe Islands,
Slovak Republic,
Czech Republic,
United States Virgin Islands,
Kyrgyz Republic,
Congo,
Palestine,
United States Virgin Islands,
Gambia,
Democratic Republic of Congo,
Macao,
Bahamas,
Myanmar,
South Korea,
Cape Verde,
Congo,
Palestine,
Kyrgyz Republic,
Czech Republic,
Slovak Republic,
Faeroe Islands,
Gambia,
Macao,
Democratic Republic of Congo,
Bahamas,
Myanmar,
Cape Verde,
South Korea,
Kyrgyz Republic,
United States Virgin Islands,
Faeroe Islands,
Congo,
Palestine,
Czech Republic,
Slovak Republic,
South Korea,
Cape Verde,
Macao,
Faeroe Islands,
United States Virgin Islands,
Czech Republic,
Slovak Republic,
Bahamas,
Gambia,
Myanmar,
Congo,
Palestine,
Democratic Republic of Congo,
Kyrgyz Republic,
Cape Verde,
Bahamas,
Congo,
Czech Republic,
Faeroe Islands,
Gambia,
Kyrgyz Republic,
Macao,
Myanmar,
Palestine,
Slovak Republic,
United States Virgin Islands,
South Korea,
Democratic Republic of Congo,
Cape Verde,
South Korea,
Bahamas,
Czech Republic,
Kyrgyz Republic,
Macao,
Myanmar,
Palestine,
United States Virgin Islands,
Faeroe Islands,
Slovak Republic,
Democratic Republic of Congo,
Gambia,
Congo,
Cape Verde,
Macao,
Palestine,
United States Virgin Islands,
Slovak Republic,
Gambia,
South Korea,
Myanmar,
Czech Republic,
Faeroe Islands,
Congo,
Kyrgyz Republic,
Democratic Republic of Congo,
Bahamas,
Cape Verde,
Palestine,
United States Virgin Islands,
Macao,
Slovak Republic,
Gambia,
South Korea,
Myanmar,
Bahamas,
Czech Republic,
Kyrgyz Republic,
Faeroe Islands,
Democratic Republic of Congo,
Congo,
Macao,
Bahamas,
South Korea,
Cape Verde,
Gambia,
Czech Republic,
Faeroe Islands,
United States Virgin Islands,
Slovak Republic,
Myanmar,
Kyrgyz Republic,
Congo,
Democratic Republic of Congo,
Palestine,
Cape Verde,
South Korea,
Macao,
Faeroe Islands,
Czech Republic,
United States Virgin Islands,
Slovak Republic,
Gambia,
Democratic Republic of Congo,
Bahamas,
Myanmar,
Congo,
Kyrgyz Republic,
Palestine,
Cape Verde,
South Korea,
Palestine,
United States Virgin Islands,
Macao,
Congo,
Democratic Republic of Congo,
Myanmar,
Slovak Republic,
Czech Republic,
Faeroe Islands,
Bahamas,
Kyrgyz Republic,
Gambia,
Slovak Republic,
South Korea,
Cape Verde,
Gambia,
Congo,
Democratic Republic of Congo,
Palestine,
Macao,
Faeroe Islands,
Czech Republic,
United States Virgin Islands,
Kyrgyz Republic,
Myanmar,
Bahamas,
Cape Verde,
South Korea,
Gambia,
Macao,
Democratic Republic of Congo,
Bahamas,
Myanmar,
United States Virgin Islands,
Kyrgyz Republic,
Congo,
Faeroe Islands,
Palestine,
Czech Republic,
Slovak Republic,
South Korea,
Faeroe Islands,
Kyrgyz Republic,
Macao,
Congo,
Gambia,
Slovak Republic,
Myanmar,
Palestine,
Czech Republic,
Democratic Republic of Congo,
Bahamas,
United States Virgin Islands,
Cape Verde,
United States Virgin Islands,
Macao,
South Korea,
Bahamas,
Gambia,
Czech Republic,
Faeroe Islands,
Congo,
Cape Verde,
Slovak Republic,
Myanmar,
Kyrgyz Republic,
Democratic Republic of Congo,
Palestine,
South Korea,
Cape Verde,
Macao,
Democratic Republic of Congo,
Bahamas,
Gambia,
Congo,
Palestine,
Czech Republic,
Kyrgyz Republic,
United States Virgin Islands,
Faeroe Islands,
Slovak Republic,
Myanmar,
Cape Verde,
South Korea,
Macao,
Palestine,
United States Virgin Islands,
Slovak Republic,
Gambia,
Myanmar,
Czech Republic,
Faeroe Islands,
Bahamas,
Democratic Republic of Congo,
Kyrgyz Republic,
Congo,
Macao,
Democratic Republic of Congo,
Slovak Republic,
Bahamas,
Cape Verde,
South Korea,
Gambia,
Myanmar,
Faeroe Islands,
Congo,
Czech Republic,
United States Virgin Islands,
Kyrgyz Republic,
Palestine,
Cape Verde,
South Korea,
Gambia,
Macao,
Democratic Republic of Congo,
Bahamas,
Myanmar,
United States Virgin Islands,
Faeroe Islands,
Congo,
Slovak Republic,
Kyrgyz Republic,
Palestine,
Czech Republic,
Cape Verde,
South Korea,
Macao,
Faeroe Islands,
Czech Republic,
United States Virgin Islands,
Slovak Republic,
Gambia,
Democratic Republic of Congo,
Bahamas,
Myanmar,
Congo,
Kyrgyz Republic,
Palestine,
South Korea,
Cape Verde,
Macao,
Czech Republic,
Faeroe Islands,
United States Virgin Islands,
Slovak Republic,
Myanmar,
Gambia,
Kyrgyz Republic,
Congo,
Palestine,
Bahamas,
Democratic Republic of Congo,
Kyrgyz Republic,
Macao,
Congo,
United States Virgin Islands,
South Korea,
Cape Verde,
Gambia,
Myanmar,
Democratic Republic of Congo,
Bahamas,
Palestine,
Slovak Republic,
Czech Republic,
Faeroe Islands,
Cape Verde,
South Korea,
United States Virgin Islands,
Macao,
Gambia,
Czech Republic,
Faeroe Islands,
Bahamas,
Congo,
Slovak Republic,
Democratic Republic of Congo,
Myanmar,
Kyrgyz Republic,
Palestine,
South Korea,
Cape Verde,
United States Virgin Islands,
Bahamas,
Slovak Republic,
Myanmar,
Gambia,
Czech Republic,
Macao,
Faeroe Islands,
Congo,
Kyrgyz Republic,
Democratic Republic of Congo,
Palestine,
South Korea,
Cape Verde,
Gambia,
Congo,
Democratic Republic of Congo,
Palestine,
Macao,
Faeroe Islands,
Czech Republic,
United States Virgin Islands,
Kyrgyz Republic,
Bahamas,
Myanmar,
Slovak Republic,
Cape Verde,
South Korea,
Macao,
Kyrgyz Republic,
Democratic Republic of Congo,
Bahamas,
Gambia,
Myanmar,
Congo,
United States Virgin Islands,
Faeroe Islands,
Slovak Republic,
Czech Republic,
Palestine,
Cape Verde,
South Korea,
Macao,
United States Virgin Islands,
Democratic Republic of Congo,
Congo,
Faeroe Islands,
Slovak Republic,
Myanmar,
Palestine,
Czech Republic,
Gambia,
Kyrgyz Republic,
Bahamas,
Cape Verde,
Macao,
United States Virgin Islands,
South Korea,
Gambia,
Czech Republic,
Slovak Republic,
Faeroe Islands,
Congo,
Palestine,
Bahamas,
Democratic Republic of Congo,
Kyrgyz Republic,
Myanmar,
Cape Verde,
South Korea,
Macao,
Gambia,
Democratic Republic of Congo,
Myanmar,
Bahamas,
Czech Republic,
Faeroe Islands,
United States Virgin Islands,
Slovak Republic,
Kyrgyz Republic,
Congo,
Palestine,
South Korea,
Cape Verde,
Macao,
Kyrgyz Republic,
Democratic Republic of Congo,
Myanmar,
Bahamas,
Gambia,
Faeroe Islands,
United States Virgin Islands,
Congo,
Slovak Republic,
Palestine,
Czech Republic,
South Korea,
Cape Verde,
United States Virgin Islands,
Gambia,
Slovak Republic,
Macao,
Czech Republic,
Bahamas,
Faeroe Islands,
Kyrgyz Republic,
Congo,
Democratic Republic of Congo,
Palestine,
Myanmar,
Cape Verde,
South Korea,
Macao,
Bahamas,
Gambia,
Czech Republic,
Faeroe Islands,
United States Virgin Islands,
Kyrgyz Republic,
Democratic Republic of Congo,
Myanmar,
Slovak Republic,
Congo,
Palestine,
South Korea,
Cape Verde,
Macao,
Kyrgyz Republic,
Democratic Republic of Congo,
United States Virgin Islands,
Congo,
Gambia,
Faeroe Islands,
Myanmar,
Bahamas,
Palestine,
Slovak Republic,
Czech Republic,
South Korea,
Cape Verde,
Macao,
Faeroe Islands,
United States Virgin Islands,
Czech Republic,
Bahamas,
Slovak Republic,
Myanmar,
Gambia,
Kyrgyz Republic,
Congo,
Palestine,
Democratic Republic of Congo,
South Korea,
Macao,
Congo,
Faeroe Islands,
United States Virgin Islands,
Slovak Republic,
Czech Republic,
Myanmar,
Gambia,
Kyrgyz Republic,
Bahamas,
Democratic Republic of Congo,
Palestine,
Cape Verde,
South Korea,
Cape Verde,
Macao,
Bahamas,
Faeroe Islands,
Slovak Republic,
Czech Republic,
United States Virgin Islands,
Myanmar,
Gambia,
Kyrgyz Republic,
Congo,
Democratic Republic of Congo,
Palestine,
South Korea,
Cape Verde,
Macao,
Kyrgyz Republic,
Democratic Republic of Congo,
United States Virgin Islands,
Faeroe Islands,
Congo,
Slovak Republic,
Czech Republic,
Myanmar,
Gambia,
Bahamas,
Palestine,
Cape Verde,
South Korea,
United States Virgin Islands,
Macao,
Gambia,
Czech Republic,
Faeroe Islands,
Slovak Republic,
Democratic Republic of Congo,
Bahamas,
Kyrgyz Republic,
Myanmar,
Congo,
Palestine,
Macao,
Democratic Republic of Congo,
Gambia,
Myanmar,
Bahamas,
Cape Verde,
South Korea,
United States Virgin Islands,
Faeroe Islands,
Slovak Republic,
Czech Republic,
Kyrgyz Republic,
Congo,
Palestine,
South Korea,
Cape Verde,
Faeroe Islands,
Macao,
Gambia,
Kyrgyz Republic,
Myanmar,
Bahamas,
Congo,
Democratic Republic of Congo,
United States Virgin Islands,
Slovak Republic,
Czech Republic,
Palestine,
South Korea,
Cape Verde,
Macao,
Gambia,
Democratic Republic of Congo,
Myanmar,
Palestine,
Bahamas,
Kyrgyz Republic,
United States Virgin Islands,
Congo,
Czech Republic,
Slovak Republic,
Faeroe Islands,
United States Virgin Islands,
South Korea,
Cape Verde,
Macao,
Gambia,
Czech Republic,
Faeroe Islands,
Slovak Republic,
Bahamas,
Democratic Republic of Congo,
Congo,
Kyrgyz Republic,
Myanmar,
Palestine,
Cape Verde,
South Korea,
Palestine,
United States Virgin Islands,
Macao,
Slovak Republic,
Myanmar,
Democratic Republic of Congo,
Bahamas,
Czech Republic,
Faeroe Islands,
Gambia,
Congo,
Kyrgyz Republic,
Cape Verde,
South Korea,
Macao,
Democratic Republic of Congo,
United States Virgin Islands,
Slovak Republic,
Congo,
Faeroe Islands,
Myanmar,
Czech Republic,
Kyrgyz Republic,
Bahamas,
Gambia,
Palestine,
Faeroe Islands,
South Korea,
Cape Verde,
Kyrgyz Republic,
Macao,
Democratic Republic of Congo,
Myanmar,
Bahamas,
Gambia,
United States Virgin Islands,
Congo,
Palestine,
Slovak Republic,
Czech Republic,
Gambia,
Macao,
Democratic Republic of Congo,
Bahamas,
Myanmar,
South Korea,
Cape Verde,
Congo,
Palestine,
United States Virgin Islands,
Faeroe Islands,
Slovak Republic,
Kyrgyz Republic,
Czech Republic,
Cape Verde,
South Korea,
Macao,
Kyrgyz Republic,
Gambia,
United States Virgin Islands,
Democratic Republic of Congo,
Bahamas,
Myanmar,
Faeroe Islands,
Congo,
Slovak Republic,
Palestine,
Czech Republic,
Cape Verde,
South Korea,
Macao,
Palestine,
United States Virgin Islands,
Slovak Republic,
Czech Republic,
Faeroe Islands,
Bahamas,
Gambia,
Myanmar,
Democratic Republic of Congo,
Congo,
Kyrgyz Republic,
Cape Verde,
Macao,
Palestine,
United States Virgin Islands,
Faeroe Islands,
Congo,
South Korea,
Democratic Republic of Congo,
Bahamas,
Myanmar,
Czech Republic,
Slovak Republic,
Kyrgyz Republic,
Gambia,
Cape Verde,
United States Virgin Islands,
Macao,
South Korea,
Gambia,
Czech Republic,
Slovak Republic,
Kyrgyz Republic,
Faeroe Islands,
Congo,
Democratic Republic of Congo,
Bahamas,
Palestine,
Myanmar,
South Korea,
Cape Verde,
Macao,
Democratic Republic of Congo,
Gambia,
Bahamas,
Myanmar,
Faeroe Islands,
Congo,
Palestine,
Czech Republic,
United States Virgin Islands,
Slovak Republic,
Kyrgyz Republic,
Macao,
Gambia,
Kyrgyz Republic,
United States Virgin Islands,
Congo,
South Korea,
Cape Verde,
Democratic Republic of Congo,
Myanmar,
Faeroe Islands,
Bahamas,
Palestine,
Czech Republic,
Slovak Republic,
Cape Verde,
South Korea,
United States Virgin Islands,
Macao,
Czech Republic,
Gambia,
Bahamas,
Myanmar,
Kyrgyz Republic,
Slovak Republic,
Faeroe Islands,
Democratic Republic of Congo,
Congo,
Palestine,
Cape Verde,
South Korea,
Macao,
Faeroe Islands,
Czech Republic,
United States Virgin Islands,
Slovak Republic,
Bahamas,
Gambia,
Democratic Republic of Congo,
Myanmar,
Congo,
Palestine,
Kyrgyz Republic,
South Korea,
Cape Verde,
Macao,
Slovak Republic,
Faeroe Islands,
Czech Republic,
United States Virgin Islands,
Bahamas,
Gambia,
Democratic Republic of Congo,
Congo,
Palestine,
Myanmar,
Kyrgyz Republic,
South Korea,
Cape Verde,
Gambia,
Congo,
Macao,
Faeroe Islands,
United States Virgin Islands,
Democratic Republic of Congo,
Slovak Republic,
Kyrgyz Republic,
Bahamas,
Czech Republic,
Myanmar,
Palestine,
Cape Verde,
South Korea,
Palestine,
United States Virgin Islands,
Macao,
Congo,
Democratic Republic of Congo,
Gambia,
Faeroe Islands,
Bahamas,
Myanmar,
Slovak Republic,
Czech Republic,
Kyrgyz Republic,
Cape Verde,
South Korea,
Gambia,
Congo,
Democratic Republic of Congo,
Slovak Republic,
Kyrgyz Republic,
Bahamas,
Palestine,
Czech Republic,
Myanmar,
United States Virgin Islands,
Macao,
Faeroe Islands,
Cape Verde,
South Korea,
Gambia,
Democratic Republic of Congo,
Congo,
Palestine,
Macao,
Bahamas,
Czech Republic,
Faeroe Islands,
Slovak Republic,
Myanmar,
United States Virgin Islands,
Kyrgyz Republic,
Cape Verde,
Palestine,
United States Virgin Islands,
Macao,
Slovak Republic,
Czech Republic,
Faeroe Islands,
Gambia,
Myanmar,
Bahamas,
South Korea,
Congo,
Kyrgyz Republic,
Democratic Republic of Congo,
Bahamas,
Cape Verde,
South Korea,
Gambia,
Democratic Republic of Congo,
Congo,
Slovak Republic,
Kyrgyz Republic,
Macao,
Czech Republic,
Faeroe Islands,
United States Virgin Islands,
Myanmar,
Palestine,
Cape Verde,
South Korea,
Palestine,
United States Virgin Islands,
Macao,
Congo,
Democratic Republic of Congo,
Myanmar,
Slovak Republic,
Czech Republic,
Faeroe Islands,
Bahamas,
Kyrgyz Republic,
Gambia,
South Korea,
Cape Verde,
Macao,
Czech Republic,
Slovak Republic,
Bahamas,
Faeroe Islands,
United States Virgin Islands,
Kyrgyz Republic,
Myanmar,
Gambia,
Democratic Republic of Congo,
Congo,
Palestine,
United States Virgin Islands,
Macao,
South Korea,
Slovak Republic,
Bahamas,
Myanmar,
Cape Verde,
Gambia,
Czech Republic,
Faeroe Islands,
Democratic Republic of Congo,
Kyrgyz Republic,
Congo,
Palestine,
Cape Verde,
United States Virgin Islands,
Macao,
Czech Republic,
Faeroe Islands,
Bahamas,
Congo,
Gambia,
South Korea,
Slovak Republic,
Myanmar,
Kyrgyz Republic,
Palestine,
Democratic Republic of Congo,
South Korea,
Cape Verde,
Macao,
Bahamas,
Gambia,
Congo,
Democratic Republic of Congo,
Slovak Republic,
Kyrgyz Republic,
Palestine,
Czech Republic,
Faeroe Islands,
United States Virgin Islands,
Myanmar,
Cape Verde,
South Korea,
Palestine,
United States Virgin Islands,
Macao,
Slovak Republic,
Czech Republic,
Faeroe Islands,
Congo,
Kyrgyz Republic,
Myanmar,
Gambia,
Democratic Republic of Congo,
Bahamas,
South Korea,
Cape Verde,
Democratic Republic of Congo,
Macao,
Gambia,
Myanmar,
Bahamas,
Palestine,
United States Virgin Islands,
Slovak Republic,
Congo,
Faeroe Islands,
Kyrgyz Republic,
Czech Republic,
South Korea,
Cape Verde,
Kyrgyz Republic,
United States Virgin Islands,
Democratic Republic of Congo,
Macao,
Congo,
Faeroe Islands,
Slovak Republic,
Myanmar,
Czech Republic,
Gambia,
Palestine,
Bahamas,
Slovak Republic,
Cape Verde,
South Korea,
Gambia,
Congo,
Palestine,
Democratic Republic of Congo,
Macao,
Faeroe Islands,
United States Virgin Islands,
Bahamas,
Myanmar,
Kyrgyz Republic,
Czech Republic,
Cape Verde,
United States Virgin Islands,
Macao,
South Korea,
Myanmar,
Slovak Republic,
Czech Republic,
Bahamas,
Gambia,
Democratic Republic of Congo,
Faeroe Islands,
Congo,
Kyrgyz Republic,
Palestine,
Cape Verde,
South Korea,
United States Virgin Islands,
Macao,
Gambia,
Czech Republic,
Slovak Republic,
Kyrgyz Republic,
Congo,
Palestine,
Democratic Republic of Congo,
Bahamas,
Myanmar,
Faeroe Islands,
Cape Verde,
South Korea,
Macao,
Democratic Republic of Congo,
United States Virgin Islands,
Congo,
Faeroe Islands,
Slovak Republic,
Palestine,
Myanmar,
Czech Republic,
Gambia,
Kyrgyz Republic,
Bahamas,
Democratic Republic of Congo,
Gambia,
Macao,
Cape Verde,
Bahamas,
Myanmar,
South Korea,
Congo,
Palestine,
United States Virgin Islands,
Faeroe Islands,
Czech Republic,
Kyrgyz Republic,
Slovak Republic,
South Korea,
Cape Verde,
Kyrgyz Republic,
Gambia,
Macao,
Congo,
Democratic Republic of Congo,
Myanmar,
Bahamas,
United States Virgin Islands,
Faeroe Islands,
Palestine,
Slovak Republic,
Czech Republic,
South Korea,
Cape Verde,
Gambia,
Democratic Republic of Congo,
Congo,
Macao,
Faeroe Islands,
Bahamas,
Kyrgyz Republic,
United States Virgin Islands,
Palestine,
Myanmar,
Slovak Republic,
Czech Republic,
Cape Verde,
South Korea,
Gambia,
Macao,
Democratic Republic of Congo,
Myanmar,
Bahamas,
Czech Republic,
Faeroe Islands,
United States Virgin Islands,
Kyrgyz Republic,
Congo,
Palestine,
Slovak Republic,
Cape Verde,
South Korea,
Bahamas,
Congo,
Czech Republic,
Gambia,
Kyrgyz Republic,
Macao,
Myanmar,
Palestine,
Slovak Republic,
United States Virgin Islands,
Faeroe Islands,
Democratic Republic of Congo,
Cape Verde,
Palestine,
United States Virgin Islands,
Macao,
Czech Republic,
Slovak Republic,
Democratic Republic of Congo,
Congo,
Gambia,
Faeroe Islands,
Bahamas,
South Korea,
Myanmar,
Kyrgyz Republic,
Cape Verde,
South Korea,
United States Virgin Islands,
Macao,
Czech Republic,
Gambia,
Kyrgyz Republic,
Slovak Republic,
Democratic Republic of Congo,
Congo,
Bahamas,
Myanmar,
Palestine,
Faeroe Islands,
Slovak Republic,
South Korea,
Cape Verde,
Macao,
Czech Republic,
Faeroe Islands,
United States Virgin Islands,
Gambia,
Palestine,
Myanmar,
Kyrgyz Republic,
Bahamas,
Democratic Republic of Congo,
Congo,
Cape Verde,
South Korea,
Macao,
Kyrgyz Republic,
United States Virgin Islands,
Congo,
Faeroe Islands,
Slovak Republic,
Gambia,
Democratic Republic of Congo,
Bahamas,
Myanmar,
Palestine,
Czech Republic,
Kyrgyz Republic,
Macao,
Gambia,
United States Virgin Islands,
Faeroe Islands,
Congo,
Cape Verde,
South Korea,
Democratic Republic of Congo,
Bahamas,
Myanmar,
Palestine,
Slovak Republic,
Czech Republic,
South Korea,
Cape Verde,
Macao,
Czech Republic,
Slovak Republic,
Kyrgyz Republic,
Gambia,
Faeroe Islands,
United States Virgin Islands,
Bahamas,
Myanmar,
Democratic Republic of Congo,
Congo,
Palestine,
Cape Verde,
South Korea,
United States Virgin Islands,
Macao,
Bahamas,
Slovak Republic,
Myanmar,
Gambia,
Faeroe Islands,
Congo,
Kyrgyz Republic,
Democratic Republic of Congo,
Palestine,
Czech Republic,
Macao,
Gambia,
Czech Republic,
Kyrgyz Republic,
Bahamas,
Democratic Republic of Congo,
Congo,
Myanmar,
South Korea,
Cape Verde,
Slovak Republic,
Faeroe Islands,
United States Virgin Islands,
Palestine,
Gambia,
Macao,
Democratic Republic of Congo,
Myanmar,
Bahamas,
Cape Verde,
South Korea,
Faeroe Islands,
Czech Republic,
United States Virgin Islands,
Kyrgyz Republic,
Palestine,
Congo,
Slovak Republic,
Gambia,
Macao,
Czech Republic,
United States Virgin Islands,
Slovak Republic,
Kyrgyz Republic,
Bahamas,
Myanmar,
Democratic Republic of Congo,
Congo,
Cape Verde,
South Korea,
Faeroe Islands,
Palestine,
Gambia,
Macao,
Democratic Republic of Congo,
Bahamas,
Myanmar,
Cape Verde,
South Korea,
Czech Republic,
Faeroe Islands,
Slovak Republic,
United States Virgin Islands,
Kyrgyz Republic,
Congo,
Palestine,
Gambia,
Czech Republic,
Macao,
Slovak Republic,
United States Virgin Islands,
Kyrgyz Republic,
Faeroe Islands,
South Korea,
Congo,
Myanmar,
Cape Verde,
Bahamas,
Democratic Republic of Congo,
Palestine,
Cape Verde,
South Korea,
Macao,
Faeroe Islands,
Czech Republic,
United States Virgin Islands,
Slovak Republic,
Gambia,
Democratic Republic of Congo,
Myanmar,
Bahamas,
Congo,
Kyrgyz Republic,
Palestine,
Cape Verde,
Palestine,
United States Virgin Islands,
Macao,
South Korea,
Faeroe Islands,
Slovak Republic,
Bahamas,
Czech Republic,
Democratic Republic of Congo,
Gambia,
Myanmar,
Kyrgyz Republic,
Congo,
Macao,
Gambia,
Kyrgyz Republic,
Congo,
United States Virgin Islands,
South Korea,
Cape Verde,
Democratic Republic of Congo,
Myanmar,
Faeroe Islands,
Bahamas,
Palestine,
Czech Republic,
Slovak Republic,
Cape Verde,
South Korea,
Bahamas,
Czech Republic,
Gambia,
Kyrgyz Republic,
Macao,
Myanmar,
Palestine,
United States Virgin Islands,
Faeroe Islands,
Slovak Republic,
Democratic Republic of Congo,
Congo,
Cape Verde,
Bahamas,
Congo,
Czech Republic,
Faeroe Islands,
Gambia,
Kyrgyz Republic,
Macao,
Myanmar,
Palestine,
Slovak Republic,
United States Virgin Islands,
Democratic Republic of Congo,
South Korea,
Gambia,
Macao,
Czech Republic,
Slovak Republic,
United States Virgin Islands,
Kyrgyz Republic,
Bahamas,
Myanmar,
Democratic Republic of Congo,
Congo,
South Korea,
Cape Verde,
Faeroe Islands,
Palestine,
South Korea,
Cape Verde,
United States Virgin Islands,
Gambia,
Macao,
Democratic Republic of Congo,
Bahamas,
Myanmar,
Czech Republic,
Faeroe Islands,
Slovak Republic,
Kyrgyz Republic,
Congo,
Palestine,
Gambia,
Macao,
Democratic Republic of Congo,
Cape Verde,
Palestine,
Myanmar,
Bahamas,
South Korea,
United States Virgin Islands,
Kyrgyz Republic,
Slovak Republic,
Congo,
Czech Republic,
Faeroe Islands,
South Korea,
Cape Verde,
Macao,
Bahamas,
Gambia,
Czech Republic,
Faeroe Islands,
Slovak Republic,
United States Virgin Islands,
Myanmar,
Democratic Republic of Congo,
Kyrgyz Republic,
Congo,
Palestine,
South Korea,
Cape Verde,
Macao,
Czech Republic,
Slovak Republic,
Bahamas,
Faeroe Islands,
United States Virgin Islands,
Kyrgyz Republic,
Myanmar,
Gambia,
Democratic Republic of Congo,
Congo,
Palestine,
Gambia,
Macao,
Democratic Republic of Congo,
Bahamas,
Myanmar,
South Korea,
Cape Verde,
Czech Republic,
United States Virgin Islands,
Slovak Republic,
Faeroe Islands,
Congo,
Palestine,
Kyrgyz Republic,
South Korea,
Cape Verde,
Macao,
Democratic Republic of Congo,
Bahamas,
Gambia,
Congo,
Palestine,
Czech Republic,
Kyrgyz Republic,
United States Virgin Islands,
Faeroe Islands,
Slovak Republic,
Myanmar,
Cape Verde,
South Korea,
Gambia,
Democratic Republic of Congo,
Congo,
Slovak Republic,
Kyrgyz Republic,
Bahamas,
Macao,
United States Virgin Islands,
Czech Republic,
Faeroe Islands,
Myanmar,
Palestine,
Cape Verde,
South Korea,
Macao,
Myanmar,
Bahamas,
Kyrgyz Republic,
Congo,
Gambia,
Slovak Republic,
Democratic Republic of Congo,
Faeroe Islands,
Czech Republic,
Palestine,
United States Virgin Islands,
Cape Verde,
South Korea,
Palestine,
United States Virgin Islands,
Macao,
Czech Republic,
Slovak Republic,
Faeroe Islands,
Bahamas,
Democratic Republic of Congo,
Gambia,
Myanmar,
Congo,
Kyrgyz Republic,
Cape Verde,
South Korea,
Macao,
Palestine,
United States Virgin Islands,
Czech Republic,
Bahamas,
Faeroe Islands,
Gambia,
Slovak Republic,
Democratic Republic of Congo,
Myanmar,
Congo,
Kyrgyz Republic,
Macao,
Kyrgyz Republic,
United States Virgin Islands,
Congo,
Faeroe Islands,
Cape Verde,
South Korea,
Democratic Republic of Congo,
Gambia,
Myanmar,
Bahamas,
Czech Republic,
Palestine,
Slovak Republic,
Kyrgyz Republic,
Macao,
Congo,
Faeroe Islands,
United States Virgin Islands,
Cape Verde,
South Korea,
Democratic Republic of Congo,
Gambia,
Bahamas,
Myanmar,
Palestine,
Czech Republic,
Slovak Republic,
South Korea,
Cape Verde,
United States Virgin Islands,
Gambia,
Macao,
Democratic Republic of Congo,
Bahamas,
Myanmar,
Slovak Republic,
Faeroe Islands,
Congo,
Palestine,
Kyrgyz Republic,
Czech Republic,
United States Virgin Islands,
South Korea,
Bahamas,
Gambia,
Macao,
Faeroe Islands,
Czech Republic,
Congo,
Cape Verde,
Slovak Republic,
Myanmar,
Kyrgyz Republic,
Democratic Republic of Congo,
Palestine,
Cape Verde,
South Korea,
Faeroe Islands,
Kyrgyz Republic,
Macao,
Democratic Republic of Congo,
Bahamas,
United States Virgin Islands,
Gambia,
Palestine,
Czech Republic,
Slovak Republic,
Myanmar,
Congo,
Macao,
Gambia,
United States Virgin Islands,
Slovak Republic,
Czech Republic,
Kyrgyz Republic,
Faeroe Islands,
South Korea,
Congo,
Myanmar,
Cape Verde,
Democratic Republic of Congo,
Bahamas,
Palestine,
Macao,
Gambia,
Democratic Republic of Congo,
Cape Verde,
Myanmar,
Bahamas,
South Korea,
Kyrgyz Republic,
United States Virgin Islands,
Congo,
Faeroe Islands,
Slovak Republic,
Palestine,
Czech Republic,
United States Virgin Islands,
Macao,
Gambia,
Bahamas,
Myanmar,
South Korea,
Cape Verde,
Czech Republic,
Faeroe Islands,
Congo,
Slovak Republic,
Kyrgyz Republic,
Democratic Republic of Congo,
Palestine,
Cape Verde,
United States Virgin Islands,
Macao,
South Korea,
Czech Republic,
Gambia,
Bahamas,
Slovak Republic,
Faeroe Islands,
Democratic Republic of Congo,
Myanmar,
Kyrgyz Republic,
Congo,
Palestine,
Macao,
Kyrgyz Republic,
Democratic Republic of Congo,
United States Virgin Islands,
Congo,
South Korea,
Cape Verde,
Faeroe Islands,
Gambia,
Myanmar,
Bahamas,
Slovak Republic,
Czech Republic,
Palestine,
Cape Verde,
South Korea,
Macao,
United States Virgin Islands,
Faeroe Islands,
Slovak Republic,
Democratic Republic of Congo,
Congo,
Myanmar,
Czech Republic,
Palestine,
Kyrgyz Republic,
Gambia,
Bahamas,
Cape Verde,
United States Virgin Islands,
Macao,
South Korea,
Slovak Republic,
Gambia,
Czech Republic,
Faeroe Islands,
Kyrgyz Republic,
Congo,
Myanmar,
Bahamas,
Democratic Republic of Congo,
Palestine,
Cape Verde,
Macao,
United States Virgin Islands,
Gambia,
South Korea,
Slovak Republic,
Czech Republic,
Faeroe Islands,
Congo,
Palestine,
Bahamas,
Democratic Republic of Congo,
Kyrgyz Republic,
Myanmar,
Cape Verde,
South Korea,
Kyrgyz Republic,
Palestine,
United States Virgin Islands,
Macao,
Faeroe Islands,
Congo,
Democratic Republic of Congo,
Bahamas,
Myanmar,
Slovak Republic,
Czech Republic,
Gambia,
Cape Verde,
United States Virgin Islands,
Macao,
South Korea,
Gambia,
Myanmar,
Czech Republic,
Slovak Republic,
Faeroe Islands,
Democratic Republic of Congo,
Bahamas,
Kyrgyz Republic,
Congo,
Palestine,
South Korea,
Cape Verde,
Gambia,
Macao,
Czech Republic,
Kyrgyz Republic,
United States Virgin Islands,
Democratic Republic of Congo,
Bahamas,
Congo,
Faeroe Islands,
Myanmar,
Palestine,
Slovak Republic,
South Korea,
Cape Verde,
United States Virgin Islands,
Gambia,
Democratic Republic of Congo,
Congo,
Slovak Republic,
Bahamas,
Kyrgyz Republic,
Myanmar,
Macao,
Czech Republic,
Faeroe Islands,
Palestine,
South Korea,
Cape Verde,
Gambia,
Czech Republic,
Macao,
Faeroe Islands,
United States Virgin Islands,
Slovak Republic,
Kyrgyz Republic,
Congo,
Myanmar,
Bahamas,
Democratic Republic of Congo,
Palestine,
Cape Verde,
South Korea,
Macao,
Gambia,
Democratic Republic of Congo,
Bahamas,
Myanmar,
Kyrgyz Republic,
United States Virgin Islands,
Faeroe Islands,
Congo,
Slovak Republic,
Palestine,
Czech Republic,
Macao,
United States Virgin Islands,
Gambia,
Kyrgyz Republic,
Cape Verde,
South Korea,
Democratic Republic of Congo,
Congo,
Faeroe Islands,
Myanmar,
Slovak Republic,
Palestine,
Czech Republic,
Bahamas,
Cape Verde,
Palestine,
United States Virgin Islands,
Macao,
South Korea,
Congo,
Czech Republic,
Slovak Republic,
Faeroe Islands,
Myanmar,
Kyrgyz Republic,
Gambia,
Democratic Republic of Congo,
Bahamas,
Macao,
Gambia,
Democratic Republic of Congo,
South Korea,
United States Virgin Islands,
Congo,
Cape Verde,
Bahamas,
Faeroe Islands,
Czech Republic,
Kyrgyz Republic,
Slovak Republic,
Myanmar,
Palestine,
Cape Verde,
Czech Republic,
Kyrgyz Republic,
Macao,
Palestine,
United States Virgin Islands,
Faeroe Islands,
Congo,
Democratic Republic of Congo,
Bahamas,
Slovak Republic,
Gambia,
South Korea,
Myanmar,
South Korea,
Cape Verde,
Macao,
Kyrgyz Republic,
Democratic Republic of Congo,
Myanmar,
Bahamas,
Gambia,
Faeroe Islands,
United States Virgin Islands,
Congo,
Palestine,
Czech Republic,
Slovak Republic,
Cape Verde,
Macao,
Palestine,
United States Virgin Islands,
Myanmar,
Democratic Republic of Congo,
Gambia,
Slovak Republic,
Czech Republic,
Faeroe Islands,
Bahamas,
Kyrgyz Republic,
Congo,
South Korea,
South Korea,
Cape Verde,
Macao,
Bahamas,
Gambia,
Congo,
Democratic Republic of Congo,
Slovak Republic,
Kyrgyz Republic,
Faeroe Islands,
United States Virgin Islands,
Czech Republic,
Palestine,
Myanmar,
South Korea,
Cape Verde,
Macao,
Czech Republic,
United States Virgin Islands,
Faeroe Islands,
Slovak Republic,
Gambia,
Democratic Republic of Congo,
Palestine,
Kyrgyz Republic,
Congo,
Myanmar,
Bahamas,
South Korea,
Cape Verde,
Gambia,
Congo,
Slovak Republic,
Kyrgyz Republic,
Bahamas,
Macao,
United States Virgin Islands,
Czech Republic,
Faeroe Islands,
Myanmar,
Palestine,
Democratic Republic of Congo,
Macao,
Kyrgyz Republic,
Gambia,
Faeroe Islands,
Congo,
United States Virgin Islands,
Cape Verde,
South Korea,
Democratic Republic of Congo,
Myanmar,
Bahamas,
Slovak Republic,
Czech Republic,
Palestine,
South Korea,
Gambia,
Macao,
Czech Republic,
United States Virgin Islands,
Congo,
Faeroe Islands,
Cape Verde,
Bahamas,
Slovak Republic,
Kyrgyz Republic,
Democratic Republic of Congo,
Myanmar,
Palestine,
South Korea,
Macao,
Myanmar,
Bahamas,
Palestine,
Kyrgyz Republic,
Faeroe Islands,
Czech Republic,
Slovak Republic,
Democratic Republic of Congo,
Congo,
Gambia,
Cape Verde,
United States Virgin Islands,
South Korea,
Cape Verde,
Faeroe Islands,
Macao,
Gambia,
Kyrgyz Republic,
Myanmar,
Bahamas,
United States Virgin Islands,
Congo,
Slovak Republic,
Palestine,
Czech Republic,
Democratic Republic of Congo,
Cape Verde,
South Korea,
Palestine,
United States Virgin Islands,
Macao,
Slovak Republic,
Myanmar,
Czech Republic,
Faeroe Islands,
Bahamas,
Democratic Republic of Congo,
Gambia,
Congo,
Kyrgyz Republic,
Cape Verde,
South Korea,
Kyrgyz Republic,
Macao,
Democratic Republic of Congo,
Bahamas,
Gambia,
United States Virgin Islands,
Myanmar,
Faeroe Islands,
Congo,
Palestine,
Slovak Republic,
Czech Republic,
Gambia,
Congo,
Democratic Republic of Congo,
Slovak Republic,
Kyrgyz Republic,
Bahamas,
South Korea,
Cape Verde,
Czech Republic,
Macao,
Faeroe Islands,
United States Virgin Islands,
Myanmar,
Palestine,
United States Virgin Islands,
South Korea,
Bahamas,
Slovak Republic,
Myanmar,
Cape Verde,
Gambia,
Czech Republic,
Macao,
Faeroe Islands,
Congo,
Kyrgyz Republic,
Democratic Republic of Congo,
Palestine,
Cape Verde,
South Korea,
United States Virgin Islands,
Macao,
Gambia,
Democratic Republic of Congo,
Czech Republic,
Bahamas,
Faeroe Islands,
Congo,
Kyrgyz Republic,
Myanmar,
Palestine,
Slovak Republic,
Cape Verde,
South Korea,
Macao,
Gambia,
Democratic Republic of Congo,
Kyrgyz Republic,
Myanmar,
Bahamas,
United States Virgin Islands,
Congo,
Palestine,
Slovak Republic,
Czech Republic,
Faeroe Islands,
Cape Verde,
South Korea,
Macao,
Gambia,
Congo,
United States Virgin Islands,
Faeroe Islands,
Slovak Republic,
Democratic Republic of Congo,
Myanmar,
Czech Republic,
Kyrgyz Republic,
Palestine,
Bahamas,
South Korea,
Cape Verde,
Kyrgyz Republic,
Macao,
Congo,
United States Virgin Islands,
Gambia,
Democratic Republic of Congo,
Bahamas,
Slovak Republic,
Faeroe Islands,
Czech Republic,
Myanmar,
Palestine,
South Korea,
Cape Verde,
Macao,
Gambia,
Democratic Republic of Congo,
Bahamas,
Myanmar,
Czech Republic,
Faeroe Islands,
United States Virgin Islands,
Slovak Republic,
Kyrgyz Republic,
Palestine,
Congo,
Slovak Republic,
South Korea,
Cape Verde,
Macao,
Bahamas,
Gambia,
Congo,
Democratic Republic of Congo,
Palestine,
Kyrgyz Republic,
Faeroe Islands,
Czech Republic,
United States Virgin Islands,
Myanmar,
Cape Verde,
South Korea,
Palestine,
United States Virgin Islands,
Macao,
Bahamas,
Czech Republic,
Faeroe Islands,
Gambia,
Democratic Republic of Congo,
Slovak Republic,
Congo,
Kyrgyz Republic,
Myanmar,
Cape Verde,
South Korea,
Palestine,
United States Virgin Islands,
Macao,
Faeroe Islands,
Czech Republic,
Myanmar,
Slovak Republic,
Democratic Republic of Congo,
Bahamas,
Congo,
Gambia,
Kyrgyz Republic,
South Korea,
Cape Verde,
Macao,
Democratic Republic of Congo,
Bahamas,
Slovak Republic,
Gambia,
Congo,
Palestine,
Faeroe Islands,
Czech Republic,
United States Virgin Islands,
Kyrgyz Republic,
Myanmar,
Macao,
United States Virgin Islands,
Gambia,
Kyrgyz Republic,
Cape Verde,
South Korea,
Democratic Republic of Congo,
Faeroe Islands,
Myanmar,
Congo,
Slovak Republic,
Palestine,
Bahamas,
Czech Republic,
South Korea,
Cape Verde,
United States Virgin Islands,
Slovak Republic,
Bahamas,
Myanmar,
Gambia,
Czech Republic,
Faeroe Islands,
Congo,
Palestine,
Macao,
Kyrgyz Republic,
Democratic Republic of Congo,
Cape Verde,
Bahamas,
Congo,
Czech Republic,
Faeroe Islands,
Gambia,
Kyrgyz Republic,
Macao,
Myanmar,
Palestine,
Slovak Republic,
United States Virgin Islands,
South Korea,
Democratic Republic of Congo,
Cape Verde,
South Korea,
Faeroe Islands,
Czech Republic,
Slovak Republic,
Myanmar,
Gambia,
Democratic Republic of Congo,
Congo,
Palestine,
Bahamas,
United States Virgin Islands,
Kyrgyz Republic,
Macao,
Cape Verde,
South Korea,
United States Virgin Islands,
Macao,
Gambia,
Czech Republic,
Faeroe Islands,
Slovak Republic,
Democratic Republic of Congo,
Bahamas,
Congo,
Myanmar,
Kyrgyz Republic,
Palestine,
South Korea,
Cape Verde,
Gambia,
Macao,
Bahamas,
Czech Republic,
Faeroe Islands,
United States Virgin Islands,
Myanmar,
Democratic Republic of Congo,
Congo,
Kyrgyz Republic,
Palestine,
Slovak Republic,
Gambia,
Congo,
Democratic Republic of Congo,
Slovak Republic,
Kyrgyz Republic,
Bahamas,
South Korea,
Cape Verde,
Macao,
United States Virgin Islands,
Faeroe Islands,
Czech Republic,
Myanmar,
Palestine,
Cape Verde,
South Korea,
Gambia,
United States Virgin Islands,
Czech Republic,
Macao,
Democratic Republic of Congo,
Bahamas,
Myanmar,
Congo,
Kyrgyz Republic,
Faeroe Islands,
Palestine,
Slovak Republic,
Cape Verde,
South Korea,
Macao,
Palestine,
United States Virgin Islands,
Democratic Republic of Congo,
Myanmar,
Czech Republic,
Faeroe Islands,
Slovak Republic,
Bahamas,
Kyrgyz Republic,
Congo,
Gambia,
Cape Verde,
Bahamas,
Czech Republic,
Gambia,
Kyrgyz Republic,
Macao,
Myanmar,
Palestine,
Slovak Republic,
United States Virgin Islands,
Faeroe Islands,
South Korea,
Democratic Republic of Congo,
Congo,
Macao,
Kyrgyz Republic,
United States Virgin Islands,
Congo,
Cape Verde,
South Korea,
Gambia,
Palestine,
Slovak Republic,
Myanmar,
Democratic Republic of Congo,
Bahamas,
Faeroe Islands,
Czech Republic,
Cape Verde,
South Korea,
Palestine,
United States Virgin Islands,
Macao,
Faeroe Islands,
Congo,
Democratic Republic of Congo,
Bahamas,
Myanmar,
Slovak Republic,
Czech Republic,
Gambia,
Kyrgyz Republic,
Cape Verde,
South Korea,
Kyrgyz Republic,
Macao,
Congo,
United States Virgin Islands,
Faeroe Islands,
Slovak Republic,
Myanmar,
Czech Republic,
Democratic Republic of Congo,
Gambia,
Palestine,
Bahamas,
Cape Verde,
South Korea,
Macao,
United States Virgin Islands,
Faeroe Islands,
Slovak Republic,
Gambia,
Democratic Republic of Congo,
Myanmar,
Bahamas,
Czech Republic,
Kyrgyz Republic,
Congo,
Palestine,
Cape Verde,
Macao,
United States Virgin Islands,
Gambia,
South Korea,
Czech Republic,
Slovak Republic,
Congo,
Faeroe Islands,
Palestine,
Kyrgyz Republic,
Democratic Republic of Congo,
Bahamas,
Myanmar,
Cape Verde,
South Korea,
Czech Republic,
United States Virgin Islands,
Gambia,
Kyrgyz Republic,
Myanmar,
Faeroe Islands,
Slovak Republic,
Bahamas,
Congo,
Palestine,
Macao,
Democratic Republic of Congo,
Cape Verde,
South Korea,
Gambia,
United States Virgin Islands,
Kyrgyz Republic,
Macao,
Palestine,
Slovak Republic,
Myanmar,
Democratic Republic of Congo,
Bahamas,
Congo,
Czech Republic,
Faeroe Islands,
Macao,
Gambia,
Democratic Republic of Congo,
Bahamas,
Kyrgyz Republic,
Myanmar,
South Korea,
Cape Verde,
Faeroe Islands,
United States Virgin Islands,
Slovak Republic,
Congo,
Palestine,
Czech Republic,
South Korea,
Cape Verde,
Gambia,
Congo,
Macao,
United States Virgin Islands,
Faeroe Islands,
Czech Republic,
Democratic Republic of Congo,
Slovak Republic,
Kyrgyz Republic,
Bahamas,
Myanmar,
Palestine,
Cape Verde,
Palestine,
United States Virgin Islands,
Slovak Republic,
Macao,
Czech Republic,
South Korea,
Myanmar,
Bahamas,
Faeroe Islands,
Democratic Republic of Congo,
Gambia,
Congo,
Kyrgyz Republic,
South Korea,
Cape Verde,
Macao,
Gambia,
Democratic Republic of Congo,
Bahamas,
Palestine,
Myanmar,
Kyrgyz Republic,
United States Virgin Islands,
Congo,
Faeroe Islands,
Slovak Republic,
Czech Republic,
Cape Verde,
Macao,
Palestine,
United States Virgin Islands,
Slovak Republic,
Myanmar,
Bahamas,
Czech Republic,
Faeroe Islands,
Gambia,
South Korea,
Democratic Republic of Congo,
Congo,
Kyrgyz Republic,
Cape Verde,
South Korea,
Macao,
Democratic Republic of Congo,
Bahamas,
Faeroe Islands,
Czech Republic,
United States Virgin Islands,
Slovak Republic,
Gambia,
Kyrgyz Republic,
Myanmar,
Congo,
Palestine,
South Korea,
Cape Verde,
Macao,
Faeroe Islands,
Czech Republic,
United States Virgin Islands,
Slovak Republic,
Kyrgyz Republic,
Gambia,
Myanmar,
Congo,
Democratic Republic of Congo,
Palestine,
Bahamas,
South Korea,
Cape Verde,
Faeroe Islands,
Macao,
Kyrgyz Republic,
United States Virgin Islands,
Congo,
Gambia,
Slovak Republic,
Myanmar,
Palestine,
Czech Republic,
Bahamas,
Democratic Republic of Congo,
Cape Verde,
South Korea,
United States Virgin Islands,
Macao,
Gambia,
Czech Republic,
Faeroe Islands,
Bahamas,
Congo,
Slovak Republic,
Kyrgyz Republic,
Democratic Republic of Congo,
Myanmar,
Palestine,
Macao,
Faeroe Islands,
Czech Republic,
United States Virgin Islands,
Slovak Republic,
Gambia,
Kyrgyz Republic,
South Korea,
Myanmar,
Congo,
Cape Verde,
Bahamas,
Democratic Republic of Congo,
Palestine,
Macao,
South Korea,
Faeroe Islands,
Congo,
United States Virgin Islands,
Cape Verde,
Gambia,
Democratic Republic of Congo,
Palestine,
Bahamas,
Myanmar,
Slovak Republic,
Kyrgyz Republic,
Czech Republic,
Cape Verde,
South Korea,
United States Virgin Islands,
Macao,
Gambia,
Czech Republic,
Slovak Republic,
Kyrgyz Republic,
Bahamas,
Congo,
Democratic Republic of Congo,
Myanmar,
Faeroe Islands,
Palestine,
Cape Verde,
South Korea,
Macao,
Gambia,
Democratic Republic of Congo,
Bahamas,
Myanmar,
Faeroe Islands,
Czech Republic,
United States Virgin Islands,
Slovak Republic,
Congo,
Kyrgyz Republic,
Palestine,
Cape Verde,
South Korea,
Macao,
Democratic Republic of Congo,
Bahamas,
Slovak Republic,
Gambia,
Congo,
Palestine,
Faeroe Islands,
Czech Republic,
United States Virgin Islands,
Myanmar,
Kyrgyz Republic,
Cape Verde,
Bahamas,
Democratic Republic of Congo,
Congo,
Czech Republic,
Faeroe Islands,
Gambia,
Kyrgyz Republic,
Macao,
Myanmar,
Palestine,
Slovak Republic,
United States Virgin Islands,
South Korea,
South Korea,
Cape Verde,
Kyrgyz Republic,
Macao,
Democratic Republic of Congo,
Myanmar,
Bahamas,
Gambia,
Faeroe Islands,
United States Virgin Islands,
Congo,
Slovak Republic,
Palestine,
Czech Republic,
Cape Verde,
South Korea,
Gambia,
Macao,
Kyrgyz Republic,
United States Virgin Islands,
Congo,
Democratic Republic of Congo,
Myanmar,
Faeroe Islands,
Palestine,
Czech Republic,
Slovak Republic,
Bahamas,
Macao,
United States Virgin Islands,
Gambia,
Czech Republic,
South Korea,
Democratic Republic of Congo,
Faeroe Islands,
Congo,
Kyrgyz Republic,
Cape Verde,
Bahamas,
Palestine,
Slovak Republic,
Myanmar,
Macao,
Kyrgyz Republic,
United States Virgin Islands,
Congo,
Cape Verde,
South Korea,
Gambia,
Democratic Republic of Congo,
Bahamas,
Myanmar,
Palestine,
Faeroe Islands,
Czech Republic,
Slovak Republic,
United States Virgin Islands,
South Korea,
Gambia,
Congo,
Czech Republic,
Macao,
Faeroe Islands,
Bahamas,
Cape Verde,
Democratic Republic of Congo,
Kyrgyz Republic,
Palestine,
Slovak Republic,
Myanmar,
Gambia,
Congo,
Democratic Republic of Congo,
Slovak Republic,
Kyrgyz Republic,
Bahamas,
South Korea,
Cape Verde,
Macao,
United States Virgin Islands,
Czech Republic,
Myanmar,
Faeroe Islands,
Palestine,
South Korea,
Gambia,
Macao,
Bahamas,
Myanmar,
Kyrgyz Republic,
United States Virgin Islands,
Faeroe Islands,
Congo,
Palestine,
Czech Republic,
Slovak Republic,
Democratic Republic of Congo,
Cape Verde,
South Korea,
Cape Verde,
Macao,
Gambia,
Kyrgyz Republic,
Democratic Republic of Congo,
United States Virgin Islands,
Faeroe Islands,
Czech Republic,
Bahamas,
Congo,
Slovak Republic,
Myanmar,
Palestine,
Kyrgyz Republic,
Macao,
Democratic Republic of Congo,
Bahamas,
Myanmar,
South Korea,
Cape Verde,
Gambia,
United States Virgin Islands,
Palestine,
Faeroe Islands,
Slovak Republic,
Czech Republic,
Congo,
South Korea,
Macao,
Faeroe Islands,
United States Virgin Islands,
Gambia,
Congo,
Cape Verde,
Czech Republic,
Slovak Republic,
Kyrgyz Republic,
Myanmar,
Bahamas,
Palestine,
Democratic Republic of Congo,
Cape Verde,
South Korea,
Gambia,
Macao,
United States Virgin Islands,
Democratic Republic of Congo,
Myanmar,
Bahamas,
Congo,
Palestine,
Slovak Republic,
Czech Republic,
Faeroe Islands,
Kyrgyz Republic,
Macao,
Gambia,
Kyrgyz Republic,
United States Virgin Islands,
Congo,
South Korea,
Cape Verde,
Democratic Republic of Congo,
Myanmar,
Faeroe Islands,
Bahamas,
Palestine,
Slovak Republic,
Czech Republic,
Cape Verde,
South Korea,
Macao,
Democratic Republic of Congo,
Bahamas,
Gambia,
Faeroe Islands,
Slovak Republic,
Czech Republic,
United States Virgin Islands,
Kyrgyz Republic,
Myanmar,
Congo,
Palestine,
Cape Verde,
Macao,
Palestine,
United States Virgin Islands,
South Korea,
Czech Republic,
Faeroe Islands,
Slovak Republic,
Bahamas,
Democratic Republic of Congo,
Congo,
Kyrgyz Republic,
Gambia,
Myanmar,
Cape Verde,
South Korea,
Gambia,
Kyrgyz Republic,
Faeroe Islands,
Macao,
Bahamas,
Congo,
Myanmar,
United States Virgin Islands,
Democratic Republic of Congo,
Palestine,
Czech Republic,
Slovak Republic,
Macao,
Gambia,
Faeroe Islands,
Czech Republic,
United States Virgin Islands,
Kyrgyz Republic,
Cape Verde,
Democratic Republic of Congo,
Myanmar,
South Korea,
Bahamas,
Slovak Republic,
Congo,
Palestine,
Cape Verde,
South Korea,
Bahamas,
Czech Republic,
Kyrgyz Republic,
Macao,
Myanmar,
Palestine,
United States Virgin Islands,
Faeroe Islands,
Democratic Republic of Congo,
Slovak Republic,
Congo,
Gambia,
Cape Verde,
South Korea,
Gambia,
Democratic Republic of Congo,
Macao,
Bahamas,
Myanmar,
Congo,
Kyrgyz Republic,
Palestine,
United States Virgin Islands,
Faeroe Islands,
Czech Republic,
Slovak Republic,
Cape Verde,
South Korea,
Gambia,
Macao,
Czech Republic,
Slovak Republic,
United States Virgin Islands,
Kyrgyz Republic,
Democratic Republic of Congo,
Bahamas,
Myanmar,
Congo,
Faeroe Islands,
Palestine,
Cape Verde,
South Korea,
Macao,
Democratic Republic of Congo,
Gambia,
Palestine,
Myanmar,
Bahamas,
Congo,
Faeroe Islands,
United States Virgin Islands,
Slovak Republic,
Czech Republic,
Kyrgyz Republic,
Cape Verde,
South Korea,
Kyrgyz Republic,
Democratic Republic of Congo,
Macao,
United States Virgin Islands,
Congo,
Faeroe Islands,
Slovak Republic,
Bahamas,
Myanmar,
Gambia,
Palestine,
Czech Republic,